true_vx,true_vy,true_vz,true_yaw,pred_vx,pred_vy,pred_vz,pred_yaw
1.0022948,0.0,-0.36221832,56.2112,1.105649,-0.07908217,0.009371966,53.758472
3.1298409,0.0,0.35430092,6.577017,1.4423251,0.056686148,0.18985347,7.453234
2.7614214,0.0,0.03249563,-15.892897,1.692131,0.0033920035,0.14628378,-13.388961
1.0729407,0.0,-0.30261314,30.99004,1.0329914,0.027663402,0.041224808,31.38336
1.0,0.0,-0.04793936,7.599862,1.5402654,0.0874306,0.19212055,11.70107
3.1908958,0.0,0.053427905,0.4779952,3.0180771,0.012186192,0.05027403,0.22272399
1.8273078,0.0,0.35836744,-13.506572,0.7180656,0.038706504,0.09761903,-23.90665
2.5941002,0.0,0.11280277,2.2414758,2.728908,-0.00022452325,0.07180002,-0.18001288
3.036429,0.0,0.00023200507,-0.13361977,3.1509023,0.0073606297,0.053802922,0.3616883
2.5429504,0.0,-0.32694742,-0.71521103,2.7399673,0.0052867904,0.070778064,-0.9474935
2.6977127,0.0,0.3392803,14.816896,0.9344274,0.07009839,0.061770946,19.911016
3.0856977,0.0,-0.1332594,-0.1786268,2.8753295,0.008127786,0.05703236,-0.02104678
1.0,0.0,-0.54814905,66.844406,1.3205757,-0.094392635,0.015675455,62.484062
2.5256913,0.0,-0.69318306,10.884685,1.8888137,-0.0069171786,0.19013709,6.1019053
2.0793602,0.0,-0.48889711,2.8731873,2.9244678,-0.0024011955,0.07246783,0.172955
1.0001678,0.0,-0.57668585,-67.561386,0.7335798,0.025726639,0.16019127,-64.36962
1.0020596,0.0,-0.053065278,-28.937656,1.2326324,0.015538059,0.09008822,-29.78911
1.0000778,0.0,0.028145105,-23.77754,0.8934925,0.021708213,0.09047553,-22.904655
3.0256584,0.0,0.03331707,0.23321503,3.0185213,0.003190972,0.054727793,-0.39961258
1.5965602,0.0,0.07192097,23.300314,1.2450867,0.08895143,0.0829431,22.634775
3.2021868,0.0,0.28081828,2.1089704,2.5557582,0.009963401,0.07230188,0.70707816
3.0537984,0.0,-0.6327326,1.4560089,1.2760758,0.03204491,0.136866,-11.718671
2.9562407,0.0,-0.001610406,-13.0778055,2.3989487,0.012992762,0.16550335,-7.8545547
2.3331194,0.0,0.06612118,-16.853422,1.3478615,-0.0006900206,0.120052725,-12.703274
3.2068717,0.0,0.15368748,1.118652,2.4541893,-0.07229189,0.111620426,5.051001
3.1687472,0.0,0.09080212,-2.299243,2.97079,0.0031144693,0.07767343,-1.1349604
2.5205529,0.0,0.03333241,4.5377903,1.8839035,0.026335709,0.14481743,-5.9396305
3.2169933,0.0,0.027358564,-0.46728593,2.9906676,-0.0032896027,0.0659035,-0.55122733
3.0260437,0.0,-0.024631478,-0.10624262,3.0143871,-0.0036372766,0.064852834,-0.2562792
3.3257003,0.0,0.3811381,0.18937507,2.578936,0.006072916,0.07728334,1.211187
1.669991,0.0,-0.6150156,-8.037229,1.7522609,0.05628304,0.19786389,13.17528
2.36017,0.0,-0.46579537,4.751848,3.0292683,0.0016797706,0.07592118,0.29145977
2.9303877,0.0,-0.11648655,-2.4089837,2.7935147,0.007409163,0.14912724,-3.112825
3.1034055,0.0,0.042549774,0.14325146,3.1608796,0.004875697,0.059671,0.62113917
1.0,0.0,-0.2978673,-53.217278,0.8556347,0.0241104,0.13761827,-58.125267
1.2345717,0.0,-0.23591734,26.51803,0.97519964,0.036830984,0.043659538,28.719938
1.039322,0.0,0.07341381,33.182667,1.0131931,0.012807809,0.048450917,33.728645
3.1634638,0.0,0.3656636,-4.349792,2.124786,-0.008091904,0.16060406,-7.404851
1.0161885,0.0,0.23339336,-25.2521,0.8483671,0.026362501,0.11104223,-35.16858
2.614323,0.0,-0.13738027,9.055486,1.2050325,0.081092186,0.13995591,11.290152
3.2070706,0.0,0.37993005,2.0489018,2.3776054,-0.046453543,0.082342714,6.059043
2.998031,0.0,0.02179435,-10.75153,1.6173018,0.021603845,0.13811591,-11.332177
2.7917266,0.0,-0.47842306,-2.9569666,2.8384938,0.0074530616,0.05832477,-0.46011463
3.2342515,0.0,0.0057854936,0.08243677,2.8964562,0.009118684,0.058053568,0.3554349
1.018528,0.0,-0.39227346,-39.598217,0.7547118,0.037246548,0.10450718,-34.315636
3.2267249,0.0,-0.005394045,0.27022764,3.0682952,-0.0063604936,0.0645514,-0.65363723
3.0114372,0.0,-0.017601034,0.007522755,2.8787737,0.0065008923,0.058451146,0.03708694
1.0274593,0.0,-0.13642338,52.737133,1.2069554,-0.049203612,0.02814731,50.57936
3.0276563,0.0,0.050112844,-0.67670363,2.8393285,-0.0015064254,0.06559193,-0.43309447
1.0,0.0,0.3848181,7.381264,0.9068227,-0.06328908,0.037406117,42.08738
1.007251,0.0,0.17999688,34.42364,0.86267364,0.0034812614,0.046616346,29.828138
2.9604506,0.0,-0.232056,7.6846647,1.4906552,0.056946408,0.18474627,8.342515
2.6700256,0.0,0.31244946,-15.499134,1.2363253,0.026993416,0.11601618,-11.450328
1.0,0.0,-0.17447576,-42.430733,0.9003049,0.019152485,0.13817665,-60.07457
1.0,0.0,-0.3541914,-62.152,1.0262,0.02973207,0.11953065,-50.659008
2.9631236,0.0,-0.004966423,-0.81684965,3.1876981,0.0070012286,0.053049326,1.0791396
2.430221,0.0,0.12285453,-27.687828,1.1866312,-0.00043336302,0.109458536,-21.272127
1.2122716,0.0,0.06320988,17.020872,1.2168717,0.094624035,0.11750391,16.542185
1.0,0.0,-0.048715312,-13.660221,1.721803,0.012694262,0.14688838,-9.04193
2.4133453,0.0,0.30267394,-11.687639,0.949299,0.0061194524,0.09816858,-13.956684
2.3040147,0.0,0.009818472,-22.451134,0.9814252,0.01921507,0.092311114,-16.771566
2.5182452,0.0,-0.28688702,3.1924307,3.2661867,-0.0044519827,0.0693026,0.50584847
1.006444,0.0,-0.33952117,-38.458397,0.9042401,-0.026703842,0.035437196,31.00453
1.137404,0.0,-0.02083359,-20.193108,1.0619301,0.0033706054,0.0923042,-20.116924
2.5351613,0.0,0.18539396,23.804928,1.5329438,0.104034685,0.12054232,23.060152
3.2154243,0.0,0.19248998,1.1452105,2.4848988,-0.005034305,0.09184399,1.643602
3.1807234,0.0,0.053301893,-2.8657296,2.833775,0.018976875,0.14040901,-2.6503584
2.5457354,0.0,-0.35671508,-1.9890511,2.5938978,0.020524897,0.08171126,-1.224985
1.0030627,0.0,-0.15934952,-50.771584,0.6828958,0.03240069,0.12847373,-47.03859
2.7691324,0.0,-0.5956173,-1.9682288,2.8548956,0.02636189,0.07311606,-1.3446237
3.0396352,0.0,-0.22515836,-0.1779795,2.9285007,0.008681007,0.059089214,0.49891534
3.2434673,0.0,0.2421875,-0.04456646,2.5773046,0.012387253,0.070103735,0.4853395
3.1809645,0.0,-0.1792361,1.1530269,2.9853115,0.005067952,0.055748895,-0.07500734
1.2174104,0.0,0.34386772,9.521168,1.3017343,0.08535959,0.17800504,11.755271
1.0019684,0.0,-0.39634725,65.14283,1.2681952,-0.102800645,0.009049624,62.225838
2.2065065,0.0,-0.115691684,-14.127688,1.0466595,0.009846412,0.1001651,-15.625614
2.5863883,0.0,0.2591529,3.9201453,2.6087055,-0.00023230165,0.077571146,-0.8544916
1.0,0.0,-0.6690439,-60.535805,0.7068319,0.04038652,0.11087105,-38.081886
1.0,0.0,-0.061022967,-1.7215852,2.0360193,0.021159284,0.12884091,-1.750534
2.9720595,0.0,0.08833773,-0.08584882,2.9412332,0.013221882,0.07890418,-1.399776
1.0,0.0,0.021501372,-18.98749,1.0310625,0.010668598,0.09020123,-21.448238
1.0,0.0,0.100174285,-5.388173,2.909934,0.010939546,0.0964912,-1.566636
2.9015577,0.0,-0.085253485,2.072554,3.0074918,0.0023355111,0.056334063,2.01021
2.1766636,0.0,-0.7200147,16.234667,1.5309638,0.11367575,0.17812887,13.832383
1.0005906,0.0,-0.68256193,50.84614,1.1864944,-0.04061941,0.027089149,48.72189
3.2973175,0.0,0.18312024,1.3986754,2.000667,-0.03358055,0.14066368,5.1723323
3.0394225,0.0,0.13487877,2.147929,2.8715892,-0.059755825,0.09019734,3.8987393
3.179374,0.0,-0.036648817,0.18061315,2.2786026,0.008525319,0.074444525,-0.35267854
2.7789097,0.0,0.23140809,-4.706356,1.8079734,-0.0023036972,0.1704326,-7.9301667
2.1820636,0.0,0.111900434,44.671436,1.0507979,0.013854794,0.037290543,32.74923
3.1362638,0.0,-0.048583835,0.3669957,2.7884464,0.004819356,0.06230627,0.17404392
3.2446527,0.0,0.30233195,2.0673347,3.0545318,0.008456342,0.06357491,1.8795196
2.529401,0.0,0.25767165,14.930077,1.9186089,0.096722744,0.23395906,14.58331
1.0018035,0.0,-0.62478817,-47.52036,0.78769183,0.020120226,0.13574407,-56.773514
2.8446589,0.0,0.31182775,1.2246346,2.463274,0.011303879,0.061976902,1.047595
2.2711923,0.0,0.4419444,2.407343,3.0777984,0.0154499635,0.053176418,1.1234697
3.4300861,0.0,-0.003261599,-0.072615266,3.0391536,-0.0030760095,0.06296539,-0.72251475
1.0000114,0.0,-0.11803603,-8.558421,2.150198,-0.006531395,0.16436681,-8.848429
1.0005194,0.0,-0.7085129,65.75393,1.1391575,-0.1419048,-0.0024259388,62.401886
3.4508412,0.0,0.18795206,-0.08973128,3.1051931,0.005899839,0.05188787,0.022752978
1.2896364,0.0,-0.5335682,23.150055,1.4804723,0.0966397,0.15905881,14.483353
3.12307,0.0,-0.0015127496,0.66496056,2.4574757,-0.07831172,0.115472764,5.561987
2.2573504,0.0,-0.26009667,-6.2695093,1.6432506,0.006707333,0.13748914,-6.255086
3.10685,0.0,-0.11110775,-0.12593861,2.9732337,0.00110095,0.05835694,-0.15137002
2.8648682,0.0,0.22971426,-1.9542497,3.051185,0.007838927,0.07921212,-1.4543887
3.0423663,0.0,0.1383746,-1.7771446,3.2136815,-0.011244528,0.06333718,-0.56435436
3.2345595,0.0,-0.12529373,-0.025733914,2.72383,0.0061741844,0.060526937,-0.30862018
3.2812972,0.0,0.20970972,-3.543398,2.1721349,-0.0028704181,0.16527367,-7.186865
2.517889,0.0,-0.04491446,0.2823149,2.8092735,-0.0020318553,0.075143635,-0.654067
3.2350554,0.0,-5.5857356e-05,-0.192049,2.759601,0.005129777,0.060379595,-0.64020723
1.0119175,0.0,0.6844275,-48.726826,0.8280113,0.015570961,0.113387555,-43.10491
1.0,0.0,-0.51510257,-50.319572,0.747987,0.04280647,0.11974451,-46.575996
3.155377,0.0,0.22757825,-1.4555496,2.5601919,0.012953214,0.1592199,-3.9986908
3.0381477,0.0,-0.0013536329,-0.12682581,3.0395968,-0.004025601,0.067013144,-0.5164236
2.8327231,0.0,-0.14691707,-1.2600614,3.4516006,-0.016815774,0.07063079,-0.93859404
3.03305,0.0,-0.00042387366,-0.038463265,2.9387167,-0.0012249574,0.08147317,1.9439731
2.065925,0.0,-0.34714,-2.9341395,2.5775054,0.008831732,0.06664294,0.023222305
1.529687,0.0,0.8394144,-13.138987,1.3696012,0.016763948,0.12107983,-9.428834
3.034959,0.0,-0.0026100841,0.021873968,3.0024912,0.006299071,0.06925976,-1.0344847
2.4939797,0.0,0.0039326865,0.14886509,2.7350504,0.008708261,0.11949439,-2.002622
2.7171593,0.0,0.24331762,17.025694,1.0915431,0.06610089,0.04772815,26.456072
1.0,0.0,0.043525744,-32.61177,1.0544245,0.01071199,0.08995935,-26.145645
3.05912,0.0,-0.13299641,-0.083052725,3.0380132,-0.0025332347,0.071013674,0.4520168
3.273685,0.0,0.39567018,-0.3385567,2.960218,0.0027816966,0.059215024,-0.3354991
1.1449214,0.0,-0.47682172,5.7791834,1.3916041,0.09866574,0.21863249,-12.127164
2.9264748,0.0,-0.43081513,-2.1659167,2.860166,-0.0019028559,0.0692597,-0.4528022
1.0006205,0.0,-0.54989165,66.135376,1.1226351,-0.17435268,-0.009911865,66.61513
2.7863832,0.0,0.16720785,-11.533472,0.95921916,0.01713296,0.09580043,-10.229181
3.0364952,0.0,0.3858058,8.292681,1.3870577,0.0844597,0.1767751,10.438876
3.0500205,0.0,0.1563518,-1.4260167,3.1423209,0.00020863861,0.06416331,-0.87604564
3.0030456,0.0,-0.010967373,-0.002861092,3.1054785,0.005324535,0.047923118,-0.077974044
3.0173252,0.0,-0.0029694862,-0.00014106176,2.9889488,0.006466739,0.04931149,-0.17491102
3.0576582,0.0,0.30378062,-1.6015897,3.20513,-0.011514865,0.07055178,-0.35322455
3.1903741,0.0,-0.023317065,2.1741135,2.8739939,0.0031264946,0.07422876,0.6666611
3.2056339,0.0,0.15437049,-0.050150234,3.0980737,-0.005477585,0.07118106,0.28644028
3.0234122,0.0,-0.04248174,4.047072,2.6190019,0.011586688,0.06882684,0.6905623
3.2347717,0.0,0.0038192924,0.007899646,2.939663,0.0059255287,0.056395367,-0.05880066
1.0000004,0.0,-0.6037701,55.719814,1.1050825,-0.079432406,0.012810379,50.65375
3.3588977,0.0,1.3861119,-0.8771037,2.583806,0.016608767,0.09697115,-1.4941112
1.0000713,0.0,-0.59414136,-68.920784,0.9216001,0.021582685,0.1342375,-59.67997
1.0164853,0.0,-0.36626127,5.822849,2.4069061,-0.058432095,0.10111037,9.241137
2.7853312,0.0,-0.026522733,-39.26819,0.85339904,0.036864363,0.10196206,-35.91255
3.2139513,0.0,0.19174716,0.22516695,2.7935724,-0.0019794628,0.07413863,0.16646156
1.0790699,0.0,0.12027097,-30.42549,0.70726395,0.027819954,0.11076185,-33.542686
3.0375695,0.0,0.2681328,0.21081285,2.5770404,-0.06046412,0.10048278,4.969639
1.0,0.0,-0.7268165,-58.332615,0.8480002,0.02725967,0.13731095,-56.502354
3.0142984,0.0,0.2671339,0.4449305,2.5594993,-0.08653406,0.113940865,5.92013
1.0,0.0,0.39089757,-21.001112,0.83764696,-0.0047494546,0.12031528,-44.334557
2.2067285,0.0,0.24414256,-11.9579115,1.5668008,-0.024515308,0.12343225,-15.674434
1.0,0.0,-0.018129516,-68.79594,0.6320621,0.02173265,0.15499327,-59.45184
1.5072355,0.0,0.27476096,8.262795,2.8225765,0.0019766018,0.063730925,-0.41923437
3.1893702,0.0,0.15339366,-0.15414733,2.022071,-0.044009186,0.11620143,5.04754
3.042698,0.0,0.18570918,-5.557611,2.501822,0.013690792,0.15725355,-4.3360496
3.251059,0.0,0.24792291,0.03733273,2.6497893,0.0081547275,0.062439278,-0.3882267
1.0,0.0,-0.46296838,-15.878172,1.582626,0.03746768,0.13052168,-8.843913
1.537518,0.0,0.55328834,-7.3350163,1.637297,0.017096482,0.13752106,-11.648168
1.5384082,0.0,0.01214115,17.555521,1.3418729,0.08634501,0.09678784,22.809645
2.8377407,0.0,0.15168273,1.1210033,2.896346,0.013481341,0.0710244,2.7526963
1.0,0.0,0.46633196,26.601694,1.0043962,0.04559102,0.05008647,27.408539
3.0379362,0.0,-0.003148794,-0.071304716,3.1110973,-0.0061137453,0.06559551,-0.4772397
3.1647155,0.0,0.012354239,-0.030982113,2.9085655,0.0023746118,0.061161265,-0.3691655
1.5447356,0.0,-0.46899927,14.339139,2.800939,-0.005055167,0.08391004,0.11995313
2.6107404,0.0,0.24850576,-8.834611,1.775188,0.017405055,0.13376752,-8.220589
3.0041535,0.0,0.19214818,-2.484372,2.1743875,0.019364916,0.15526032,-5.6749377
3.2524574,0.0,0.03702933,-0.17267567,3.1537533,0.011725463,0.06804466,-1.3302767
1.0,0.0,-0.5364454,10.2760725,1.7352768,0.035979774,0.18844362,8.927733
2.7848897,0.0,0.3087008,12.808259,1.0860043,0.07604169,0.09425326,16.792559
3.1792028,0.0,0.07555747,3.5646815,2.8457122,0.016959585,0.054642797,1.2420673
1.0,0.0,0.43523777,7.9475293,1.3471252,0.20504162,0.14110002,-10.934232
3.017401,0.0,0.02974514,-0.011247283,3.1446826,0.009095274,0.05425349,0.7622536
3.2481067,0.0,0.018816995,-0.08498577,2.780429,-0.00066705793,0.07116592,-0.8768439
3.247517,0.0,0.05399443,-0.351356,2.7841432,0.008979432,0.060689062,0.15670481
2.792878,0.0,0.030088928,5.490997,2.483024,-0.034204118,0.09245664,2.5718057
1.0,0.0,-0.020075172,-36.779537,1.1926724,0.00390812,0.10689744,-19.30163
2.6503053,0.0,0.10269707,-9.1796255,2.0995076,-0.00054667145,0.15443483,-7.360453
3.326824,0.0,0.035707556,-0.009769379,3.0516076,0.009448476,0.05631323,0.9688337
1.003223,0.0,-0.20548928,-59.395374,0.6941526,0.036959253,0.1250653,-47.21644
1.0035549,0.0,-0.33564487,-61.62138,0.78864497,0.036974512,0.13219854,-51.173492
3.2482924,0.0,0.060368657,0.07086499,2.9528856,0.005125962,0.06285161,-1.0842309
2.8571892,0.0,0.034413606,8.942009,1.7625045,-0.011217296,0.12446818,4.709133
2.980803,0.0,0.026269292,2.2390273,2.9042034,0.00802543,0.064480305,0.638882
2.9115624,0.0,0.19968645,-1.8279988,2.5713255,0.003930904,0.06868498,-0.41702744
2.7575781,0.0,0.06278379,13.585367,1.8564725,0.047907688,0.21301292,10.785327
2.611277,0.0,-0.121619396,-10.499437,1.6983125,-0.022854008,0.13235727,-15.415057
3.2720566,0.0,-0.11331104,0.044704426,2.862795,-0.0012001023,0.065995395,-0.28312227
2.5228143,0.0,0.032620087,-6.060576,2.518375,0.016412191,0.16174228,-4.5012145
3.1903844,0.0,-0.0033406606,4.7707124,2.6239958,0.01625263,0.063597515,1.0789082
2.9720225,0.0,0.32061023,-7.872333,2.640738,0.011169784,0.1457794,-2.8096457
3.1742795,0.0,0.018565256,-0.039151076,3.19225,-0.0076329485,0.069178864,0.21641758
1.2568771,0.0,-0.06656146,-9.50663,1.4425349,0.019171141,0.12549528,-10.5134735
3.2135427,0.0,0.0067376373,-0.18759309,2.8289335,0.004421629,0.07073583,-0.8904268
3.2483232,0.0,0.28850675,0.35930896,2.9246242,0.0029721335,0.06536363,0.2581176
2.4966335,0.0,0.29525685,-8.940766,1.3777725,0.0025897846,0.123790056,-13.339067
3.2435536,0.0,0.14407656,-0.107249364,2.755824,0.007513039,0.05747901,0.24381864
2.8143256,0.0,-0.08421923,-14.999132,1.6152183,0.025013171,0.14648417,-10.534388
3.0057793,0.0,0.5477873,8.864005,1.4367385,0.09414912,0.17809777,11.514094
3.2931457,0.0,0.0133903995,1.2163256,2.8049912,-0.0013531819,0.07672571,0.1664122
2.29949,0.0,-0.047929104,-1.6960671,2.9116905,0.0053864345,0.11845769,-2.0764978
1.0074431,0.0,-0.26726413,-60.94798,1.1487381,0.020353876,0.12373993,-49.800602
1.0,0.0,0.11876775,-23.479107,1.1994939,0.12613043,0.2217519,-17.662622
1.0089602,0.0,-0.24213946,-60.23542,0.7954173,0.032919012,0.13057753,-47.777573
2.8060458,0.0,-0.5132053,4.4213552,2.7865648,0.0036708936,0.07487525,0.17802033
2.3055203,0.0,0.35399604,-6.015869,1.7372103,0.0048243627,0.15751013,-8.534772
3.061059,0.0,0.54630077,6.4224997,2.1081808,-0.033985674,0.113421485,8.686275
1.498305,0.0,0.016816255,10.211607,1.666757,0.07312473,0.21813537,10.38288
3.283257,0.0,0.5963519,-0.4585382,2.835091,0.012706049,0.053382427,0.07937745
3.0173056,0.0,0.05169618,-0.39376542,3.130725,0.00043775886,0.057149217,-0.28235316
2.0949147,0.0,-0.24813065,-5.617892,1.960664,0.00851395,0.14963457,-8.041747
3.0388494,0.0,-0.0034613658,-0.13151853,2.9616766,0.003213875,0.060386628,-0.03103944
2.4070678,0.0,0.14132258,-15.570883,0.9586624,0.019002281,0.0933418,-16.522255
3.0331275,0.0,-0.25246146,7.202858,1.4725922,0.06703788,0.1798936,9.366752
3.1842124,0.0,0.0021918123,-2.6219363,2.8965254,0.028815381,0.115429655,-2.1376472
3.1218064,0.0,-0.29631403,1.9829705,2.9304588,0.010629125,0.054544568,0.19830832
1.0,0.0,-0.028415818,-15.097995,1.9426548,0.100850396,0.13070442,3.435732
1.0674485,0.0,0.4205686,-15.183646,1.5732538,-0.02738551,0.12688407,-17.629
2.9895139,0.0,-0.0015528527,3.9710722,2.3161159,-0.059001498,0.113618016,4.639994
2.92341,0.0,-0.26373026,-1.897887,2.7703648,0.012291364,0.0652452,-1.0905392
1.0,0.0,-0.08303321,19.610199,1.4086387,0.0035079867,0.12318666,11.370387
2.9859092,0.0,0.35404313,-1.8565437,2.7149603,0.0049831197,0.13791959,-2.5565429
1.2433208,0.0,0.9237909,-5.251899,2.943267,0.007663645,0.12652156,-2.341012
3.274132,0.0,0.18262437,-0.10515928,2.9245944,0.007427551,0.044442415,0.2593771
3.2196734,0.0,0.7074286,1.568721,2.584589,0.029997997,0.0606794,1.4877502
3.0361683,0.0,-0.002351314,-0.1423559,2.895133,0.01037582,0.05323428,0.06045548
1.0,0.0,0.06369979,7.938672,3.0038161,0.008780263,0.06262997,0.80937403
3.2320285,0.0,-0.015308783,-0.112216584,2.9518383,0.00617861,0.05149162,-0.13668346
3.228585,0.0,-0.05557587,0.041512884,2.561966,-0.0022911355,0.08487221,-0.1463559
3.3289642,0.0,0.5824439,0.25065672,2.9175806,0.011124991,0.059824795,0.87043333
1.0011752,0.0,0.65396106,33.7532,1.2057157,0.07999619,0.071543306,24.573088
2.2494912,0.0,0.05567282,2.7112677,3.1725154,-0.0024159625,0.060198426,0.07276169
3.038048,0.0,-0.0033384466,-0.10906155,3.2897563,-0.0023964867,0.08761171,-1.6982708
2.2080882,0.0,0.2266454,12.31223,3.171738,0.0031120256,0.0533441,1.8801806
1.0000049,0.0,-0.86643654,-60.293503,0.7476247,0.031991802,0.10987684,-33.493763
1.7865049,0.0,0.029337863,-7.3219748,2.1651614,0.0015475973,0.15834913,-7.850051
2.8788364,0.0,-0.01855461,-2.9941287,2.9312866,0.010565065,0.15856259,-3.5754244
1.0,0.0,0.58004934,44.468464,1.0289282,-0.058384813,0.030906916,40.429188
3.0377748,0.0,-0.0029207482,-0.13673253,2.9930334,0.0070180222,0.04935509,-0.20156321
1.5058876,0.0,0.4059581,7.006201,1.3017766,0.08225021,0.17314988,10.166694
3.0394907,0.0,-0.004051876,-0.040260714,2.721009,0.013280652,0.05847159,0.27524737
3.0207696,0.0,-0.24016374,-3.518808,2.9210353,0.0051818714,0.058755606,-0.1773473
3.0709336,0.0,-0.038988747,-0.5652252,3.0200493,-0.001681529,0.07198167,0.7472847
3.002746,0.0,-0.0056139594,1.901531,3.0977354,0.00715328,0.060071662,1.209681
3.4031765,0.0,0.0005123243,-0.08063083,3.2753706,-0.014113821,0.07071401,-0.45000634
3.217679,0.0,-0.023159185,-0.14375882,2.8277302,0.0030820295,0.06204599,-0.126098
1.0017768,0.0,-0.46692508,64.007256,1.1065308,-0.095348336,0.008415908,53.94952
1.2094257,0.0,-0.11477997,12.153835,2.7585468,0.024345674,0.053990476,1.5497549
2.7029033,0.0,0.29182518,15.591416,0.94718146,0.06658351,0.06561887,19.069452
2.4908905,0.0,-0.099195264,49.860523,1.2481774,0.0044999346,0.03573671,40.52302
3.2493312,0.0,0.13409728,0.32698727,2.6663485,0.011537246,0.06326114,0.47217542
1.0000247,0.0,0.097282775,-10.74158,2.1038547,0.036099695,0.17023751,-5.988947
1.0797169,0.0,0.3015502,-36.78772,0.7205709,0.030891739,0.099484056,-23.970663
2.6710308,0.0,-0.019623736,12.335965,1.4515362,0.09565673,0.18381287,11.208835
3.1921244,0.0,-0.032336008,-0.7351606,2.8222973,0.002359353,0.063997015,-0.6358009
1.0019752,0.0,-0.053453654,63.177265,1.058214,-0.13195655,-0.002818048,58.588757
2.9841793,0.0,0.30585605,-6.101718,2.7954504,0.014155783,0.10485151,-1.8091189
3.234657,0.0,0.26771992,-0.6636066,2.6209636,0.008182459,0.07340586,-0.92142063
2.9819906,0.0,0.0014304023,5.6699457,1.660016,0.035063375,0.17706466,8.6707325
3.0243485,0.0,-0.4719137,5.762533,2.113379,-0.021047957,0.18476847,7.3708057
3.122081,0.0,0.3201117,-3.777575,2.0521138,-0.002760686,0.15079224,-6.080825
2.7673948,0.0,0.16366823,14.57784,1.339029,0.09203675,0.14269939,13.724106
2.4955654,0.0,-0.03305467,9.168232,1.3436841,0.06583334,0.17557855,8.556197
2.8467026,0.0,0.011941676,-7.930898,1.5645732,0.010022841,0.13204518,-10.862916
2.6027708,0.0,-0.53530675,-6.0219207,2.9043164,0.010815509,0.13958727,-2.6671991
2.956079,0.0,-0.36957023,-6.312146,2.4149437,0.0019618496,0.16584836,-6.7207007
2.8774981,0.0,0.010661139,9.495007,1.5692058,0.068117686,0.20461598,9.251729
1.0000015,0.0,-0.24956562,5.773567,1.4606371,0.02519384,0.12764096,7.3898892
3.1791713,0.0,0.00012630307,-0.05652523,3.1361508,-0.015097342,0.08413325,-0.29322818
1.779113,0.0,-0.20464015,17.617891,1.0566443,0.084673576,0.081860185,18.588083
3.104624,0.0,-0.14000948,-0.7489822,2.508399,0.024256714,0.08090668,-1.1680887
1.0011345,0.0,-0.54535204,49.25566,1.3102589,0.048022054,0.0393292,36.810493
3.1767278,0.0,-0.014562072,0.8991925,2.730082,0.0080475435,0.06759246,0.39912647
2.8828518,0.0,-0.013136983,-33.3523,0.7899036,0.037537657,0.09514162,-25.691118
1.0,0.0,0.43507037,21.492527,0.6707634,0.040001713,0.10453805,-28.871675
3.222826,0.0,0.5300332,-1.6452092,2.5732996,0.012773417,0.07060327,-0.9589924
3.0766158,0.0,0.086209096,4.6825137,1.5799572,0.043935955,0.17222549,8.779889
2.6049044,0.0,-0.50405496,0.93115854,2.7822733,0.012298413,0.056638002,-0.08499383
1.5806888,0.0,-0.8029318,1.8813503,2.671164,-0.0042825416,0.08886011,1.558825
3.2405746,0.0,-0.0036413455,0.025125634,3.1911976,0.0013485774,0.05563125,0.024727978
3.4182377,0.0,0.8554906,-0.46831384,2.6990402,0.001324214,0.07221776,-0.28412244
3.4025567,0.0,-0.18876758,1.7828172,2.6172125,-0.0029133037,0.0858316,2.0673108
3.0092502,0.0,0.08876349,-0.42367464,3.207699,-0.011046596,0.067607716,-0.014640056
2.6776857,0.0,-0.3391015,-7.9919705,3.134519,0.022461586,0.097125895,-1.9721991
3.0731578,0.0,-0.015066688,2.4432561,2.7314398,0.010365017,0.059526205,0.42284423
1.0436323,0.0,-0.5771507,15.161427,1.7721766,0.091748856,0.19604048,-7.583755
3.035772,0.0,-0.003150962,0.026856279,2.7741685,-0.004509978,0.070560664,-0.51906204
3.1167905,0.0,0.02863986,-4.5470347,2.3374484,0.0021398887,0.16443744,-5.7044234
2.7047055,0.0,0.20935322,-1.2004151,2.4514804,0.018003903,0.1694693,-5.2110257
3.2664087,0.0,0.5030901,-0.109996215,2.646632,-0.015219651,0.074641615,3.4448178
2.802723,0.0,0.46177554,-1.9225568,3.0098572,-0.0039959177,0.12252821,-1.5367329
3.1368535,0.0,0.39661252,-1.4028813,3.10683,-0.011401035,0.06861259,-0.9504157
2.8266544,0.0,-0.41681725,-4.262281,2.7419758,2.3745e-05,0.14866532,-2.4913204
2.6419528,0.0,0.27144364,-7.625289,1.4521267,-0.0039327517,0.13188729,-11.686818
1.0,0.0,-0.19457127,-5.7714033,2.2130947,0.0071251914,0.078478344,-0.741337
3.0369318,0.0,-0.0014751024,0.026321981,3.0564547,-0.0003728494,0.05818388,-0.46283814
1.0,0.0,-0.028242432,-19.847599,1.2868501,0.003981672,0.10915753,-15.5752945
1.0,0.0,0.04909552,0.51491755,1.0301259,0.019535623,0.0951117,-18.279854
1.0006795,0.0,0.5426958,-8.253553,1.8366616,0.012460582,0.141119,-4.2971206
3.1773016,0.0,-0.027855013,2.7303674,2.4785643,-0.03635039,0.09138067,2.670647
2.0477498,0.0,-0.10024702,9.848215,1.1245328,0.050503932,0.048064202,27.04712
2.4987528,0.0,0.11847198,12.938801,0.9365814,0.08469566,0.10038777,12.059148
2.9503887,0.0,-0.38780996,-0.091612116,2.999779,0.004037641,0.062030017,0.39779362
3.2424147,0.0,0.04538146,-0.0088298265,2.876893,0.0031980798,0.059214562,-0.59244823
3.12755,0.0,-0.19310482,-8.442968,1.4904985,-0.005851425,0.125447,-11.967349
2.924545,0.0,-0.018672314,-3.230709,2.8953393,-0.0065546706,0.07112756,-0.57374716
1.0104872,0.0,0.33615664,-21.689306,0.73600364,0.031528793,0.095906466,-19.34896
3.0360408,0.0,-0.0034379242,-0.13935113,3.0231366,0.011529259,0.052874133,0.2424818
1.0933961,0.0,-0.25519088,10.305513,2.0509617,-0.027804561,0.10963479,8.065164
3.026301,0.0,0.23144557,-1.5245667,2.6967442,0.009099416,0.14477979,-3.0655985
2.536519,0.0,-0.20550062,15.201047,2.4717884,0.121179305,0.13288024,-3.992368
2.5187275,0.0,-0.23192789,-0.19410008,2.1122303,0.018470608,0.14629355,-3.789572
1.0,0.0,0.14025891,39.81369,1.0287684,-0.03866861,0.030992568,43.21978
3.17348,0.0,-0.020961545,-0.035470612,3.2566974,-0.01428511,0.0716777,-0.640152
1.0059017,0.0,-0.38943607,59.691677,1.0839713,-0.09968356,0.013832837,51.730698
1.3058915,0.0,-0.6436467,8.326235,2.552856,0.012285359,0.12586224,-0.78589565
2.686251,0.0,0.1489027,-2.7855752,2.6391792,0.020549648,0.060771093,0.9673863
3.298093,0.0,0.60480267,0.333698,3.1161675,-0.009470798,0.068118006,-0.6127198
3.0365474,0.0,-0.0034986895,-0.14799793,2.9797711,0.009583585,0.042831868,-0.03166928
1.3346411,0.0,0.010505092,-23.31404,1.0357785,0.0021005496,0.106946915,-30.20468
1.0014545,0.0,0.21241139,-47.522312,0.7033373,0.029096447,0.11999938,-43.7634
2.9499068,0.0,-0.51886725,-8.151133,1.5448482,0.07241913,0.14420322,-8.843058
3.234652,0.0,-0.037724145,0.018902097,3.1671424,-0.005462609,0.061450362,-0.16137967
1.5516165,0.0,0.34707874,-24.073553,0.92763776,0.03103789,0.09363589,-23.659071
1.0,0.0,0.17765446,-14.409825,0.9630298,0.06343969,0.10258411,26.073225
2.1228492,0.0,-0.11782422,-9.833764,3.0327945,-0.004292302,0.07597928,0.66920274
1.2555017,0.0,0.236914,-18.63024,0.70516515,0.03329333,0.09612593,-21.15993
3.0538406,0.0,0.20682338,-0.7425269,3.0898714,-0.009264268,0.06624378,-0.5356855
1.0006891,0.0,-0.5812457,67.16943,1.2943498,-0.095165946,0.013887614,62.036774
1.6256058,0.0,-0.14263368,4.1117144,1.4677713,0.049238972,0.13374001,-5.5130057
3.0381255,0.0,-0.0032636777,-0.10881353,3.0142803,0.008183204,0.047834903,-0.0763736
3.1620612,0.0,-0.1289144,-0.6587419,2.85464,-0.006787367,0.07154986,-0.42052653
3.0963702,0.0,0.34149778,-1.7511451,2.554953,0.014039151,0.08756572,-1.2350962
3.040107,0.0,-0.0030239914,-0.06642199,2.9701343,0.00920514,0.052635565,0.107263364
1.8135582,0.0,-0.076982036,15.2026615,1.2836127,0.105216764,0.1549079,11.486372
2.907492,0.0,-0.12545979,1.9052651,2.9781234,0.0135123655,0.055928096,1.0788913
3.1491396,0.0,0.13567762,0.4803022,2.8381937,0.003531985,0.09565359,-0.96951777
1.0000005,0.0,-0.40405107,3.7699037,2.633705,0.003051065,0.0750608,3.2462122
2.9859498,0.0,-0.3190868,-0.19665743,3.2384782,-0.00918632,0.06417216,-0.063940905
1.0,0.0,0.08941309,70.38126,1.2078516,-0.15726474,-0.00042173266,68.13408
1.0,0.0,-0.25954694,-59.41372,0.7623592,0.03539475,0.117733926,-42.39531
3.2122996,0.0,-0.058069415,-0.037414357,3.0269194,0.0027212575,0.05956602,0.26924118
2.929274,0.0,-0.21897168,0.5164268,3.0094254,0.0041819587,0.05635178,-0.042102657
3.2171175,0.0,0.022959214,-2.5429342,2.9109182,0.022344135,0.06817859,-1.29739
1.0,0.0,-0.047519084,-18.004272,0.9907056,0.020819508,0.09012374,-21.311146
2.4548955,0.0,-0.2132054,2.2998562,3.0435884,0.015172236,0.052310124,0.98345375
3.2524333,0.0,0.22128902,-0.58111376,2.6994088,0.023059584,0.07177057,-1.2177793
1.6070025,0.0,0.17464006,25.267387,1.5019357,0.09088581,0.09640154,28.23808
1.0141687,0.0,0.5070894,13.594911,1.7606678,0.10808673,0.20219314,15.500581
3.0329819,0.0,0.12123773,1.8872246,3.3894606,-0.0001662001,0.059932232,0.54477197
3.038234,0.0,-0.0035917892,-0.091474414,2.8827913,0.010499783,0.043882146,-0.21916857
1.0011091,0.0,-0.6567147,-63.689423,0.96027374,0.03219422,0.13466379,-55.82966
1.0,0.0,0.08495432,11.243252,0.91117525,-0.0947919,0.0332489,38.190643
1.0,0.0,-0.2742806,-1.2669603,2.143203,0.014689274,0.07561454,0.11462704
3.2392082,0.0,-0.02451226,-0.060605917,3.0022464,0.009110399,0.053949237,0.10323892
2.5793116,0.0,-9.2517424e-05,-0.13919975,2.7229788,0.009991489,0.06258316,0.37417078
1.0,0.0,0.027045224,-39.98227,0.75400907,0.0317963,0.15394327,-61.115463
3.2421405,0.0,0.41604495,0.8870282,2.8066874,0.021132521,0.046918124,1.3045114
3.0354462,0.0,-0.0034113112,-0.74940145,2.7308168,-0.00040137023,0.06730205,-0.6048619
3.2636788,0.0,0.21864074,-0.15255687,2.828319,0.004949726,0.06285359,0.13217482
3.2794397,0.0,-0.025087574,-0.25959116,2.5992274,0.007669784,0.073596105,0.11335454
1.0000044,0.0,-0.46064645,37.011147,1.1226554,-0.04158125,0.025575966,45.312332
1.0,0.0,0.5055187,52.429325,0.63586754,0.11328038,0.34358308,-40.75155
3.211519,0.0,0.012441198,0.086274035,2.9186654,0.0029177144,0.061550453,-0.11843183
2.930717,0.0,-0.048582003,0.30969143,2.9528506,0.007921137,0.058258027,0.28395268
1.5417507,0.0,0.843908,-8.265278,1.8160726,0.007867895,0.17014232,-9.674826
1.000632,0.0,0.32387117,-64.72626,0.7749673,0.022724234,0.13781568,-55.42585
3.022405,0.0,-0.016816134,-0.33669496,2.9019423,-0.0012745038,0.06379217,-0.46029267
3.0242805,0.0,0.22109085,-1.5930609,2.9676166,-0.0070532635,0.070386276,-0.29618198
2.8944077,0.0,0.2612424,-8.183724,1.489074,0.013419889,0.13264933,-7.6499195
3.2608218,0.0,0.28007692,-0.03085251,3.042336,-0.0013749674,0.06280589,-0.104167484
1.0,0.0,-0.3152282,32.87406,1.2610662,0.043332003,0.12699234,17.664808
1.0,0.0,0.5820631,48.081703,1.0989214,-0.044501163,0.02887243,46.28228
2.5166385,0.0,-0.5461155,-5.172379,2.9136407,0.0035454556,0.06010811,-0.011607192
3.211395,0.0,0.32609954,3.3174424,3.126853,0.0019187853,0.06369893,2.0230744
2.384838,0.0,-0.7736672,-3.8901937,2.8568912,0.015291296,0.12071467,-2.1610112
3.1778474,0.0,0.0111837005,-3.5162654,3.0081615,0.013478197,0.063869715,-1.1034372
1.0000206,0.0,-0.70546156,51.895332,1.0926718,-0.071134545,0.016133457,50.56768
2.4118617,0.0,0.043554213,-17.795174,3.033068,-0.0015282556,0.09685472,-1.609741
2.8166096,0.0,-0.28298217,-6.683559,2.6318295,0.030120425,0.075888544,-1.2414917
2.1545615,0.0,-0.016308736,-9.552116,1.5305378,0.051310502,0.14176026,-9.1023445
1.8676991,0.0,0.0681497,18.710735,1.1018441,0.06383454,0.060046867,23.665613
3.186368,0.0,-0.087203436,-1.4526533,3.094575,-0.006258704,0.06382775,-0.47833613
3.0323808,0.0,0.08767124,-1.2988414,2.9336526,0.014862336,0.051005125,0.35733435
3.271977,0.0,0.30110756,0.22641581,3.057418,-0.012043275,0.07389535,-0.2030482
3.2505953,0.0,-0.014313743,-0.29061776,3.1915526,0.001991175,0.068439804,-1.2015603
2.2313843,0.0,-0.07698777,-41.98951,0.88047093,0.032418452,0.09291729,-24.928667
3.2464976,0.0,0.19475734,-0.19417854,2.7004802,0.0064587668,0.086806364,-1.1735418
1.3200239,0.0,0.028370272,-24.81809,0.8286996,0.029297195,0.10491535,-34.559387
3.168316,0.0,-0.07885235,-1.214123,2.754804,0.019065298,0.089561634,-1.5235767
1.0000031,0.0,0.11667302,-25.959175,1.30047,0.0021425113,0.103088945,-21.134624
3.0410824,0.0,-0.0024086968,-0.14826003,3.0205953,0.007944964,0.056591034,0.40193126
1.0,0.0,0.007857661,-21.672531,0.7998845,0.0394369,0.10364458,-29.516706
1.0,0.0,-0.62063956,5.780493,1.7902839,0.027073368,0.16499555,8.90732
3.2419589,0.0,0.00014502092,-0.04430883,3.058689,3.954023e-05,0.058874354,-0.28659692
2.9002757,0.0,-0.40331092,-2.6750312,2.828487,0.016644858,0.08360188,-1.4233143
1.5091528,0.0,-0.6871572,2.690535,1.2116499,0.028018467,0.039610535,36.596584
1.6506401,0.0,-0.045520794,6.5977883,2.440107,-0.029396884,0.08543931,2.8046174
1.2043982,0.0,-0.21564028,-20.924072,1.253336,0.022042893,0.115683705,-11.988436
3.24143,0.0,0.38650972,-0.8571783,3.0532408,0.0012859926,0.05651626,-0.74520534
3.2399013,0.0,0.12700655,0.18698925,2.611238,0.0059855655,0.06314084,-0.37345955
1.006887,0.0,-0.30819413,-60.07776,0.79390824,0.023569427,0.13942024,-55.995903
2.3389125,0.0,-0.2730381,-12.123545,3.4218109,0.0064666346,0.04638709,0.6346922
3.0358758,0.0,0.059128255,-2.5923889,2.5504117,0.016729735,0.07035028,-0.947741
2.2975419,0.0,-0.5669022,7.845934,2.7835987,0.0027859285,0.06479479,3.1394994
1.0002472,0.0,0.7816816,47.01867,1.0239218,0.019735388,0.04823354,32.628418
3.0215282,0.0,-0.0033075674,-0.6423539,3.0506778,-0.0016792491,0.071831435,0.27150914
1.0012456,0.0,-0.2849131,-23.18549,0.95631224,0.0136044845,0.0836446,-19.04121
1.8112088,0.0,-0.051629744,12.142119,1.3164333,0.08488457,0.1812984,8.918885
3.1818218,0.0,0.12445949,3.8406515,2.9867597,0.016111903,0.048951343,1.349245
3.1832976,0.0,-0.002675844,0.35337377,2.6322718,0.021181203,0.055765502,0.9190053
2.8879201,0.0,0.18880318,11.71097,3.3277097,-0.020535655,0.14703178,-2.778281
1.0373211,0.0,0.12185247,-4.2484894,0.93821126,0.015078269,0.09963718,-12.911185
1.0692446,0.0,0.054584086,-4.505547,1.0409646,0.0416623,0.11492607,-9.044494
1.0002023,0.0,0.07363606,41.69768,1.0465119,0.0464791,0.04299909,28.509064
1.0000414,0.0,-0.37843686,-47.099506,0.90417284,0.045505844,0.10714218,-43.386757
3.2330709,0.0,0.06506226,-0.27786794,2.8285117,-0.004063867,0.0803431,0.06887392
1.0748832,0.0,-0.22072141,-26.344797,0.8989448,0.03401979,0.10446903,-31.266523
2.0061522,0.0,0.08551898,20.070759,1.0967287,0.07942089,0.08827765,19.138271
2.1735964,0.0,-0.65343314,-3.161491,1.619608,0.08768233,0.18345895,16.349722
3.0292413,0.0,0.24097988,-0.2685991,3.1877038,-0.010924138,0.06919587,-0.2086756
3.284419,0.0,0.32641265,0.36605206,2.8531542,0.0022921786,0.06342676,0.13518867
3.4546528,0.0,0.033843912,0.49041304,2.8859317,-0.0033546463,0.06837295,-0.7312121
3.043566,0.0,0.053558875,-0.7954292,1.920119,-0.0024800077,0.15232526,-6.0376163
3.1726856,0.0,0.002028416,-0.047101595,3.229372,-0.015433766,0.07267392,-0.54286635
2.16976,0.0,-0.5799161,15.537024,1.2269428,0.078822814,0.065238,25.662073
3.2417574,0.0,0.006816642,0.020427033,2.9884295,0.0010233596,0.057355836,-0.45325705
2.9963381,0.0,-0.154791,-6.6071177,2.166006,0.0103186,0.14764075,-6.6593146
2.6880221,0.0,-0.46875778,0.20779715,3.1210148,-0.0008408651,0.06617366,-1.0375435
3.2436903,0.0,-0.009721768,0.16051804,3.0713887,-0.00098636,0.06755033,0.26093265
1.2225645,0.0,-0.09511874,15.654408,0.9769873,0.040870927,0.044109553,28.02288
3.3287187,0.0,-0.27693188,-3.127058,2.8670497,-0.0018983856,0.17409596,-4.526651
2.4627728,0.0,0.06954442,-12.196653,1.7366074,0.0036857352,0.14305112,-12.29696
3.0375185,0.0,-0.002793647,-0.12959954,2.978672,0.0072934255,0.048186123,-0.19219413
2.9491973,0.0,0.54760003,14.3243,1.4743326,0.10158097,0.14565042,16.696234
1.6906637,0.0,-0.81386477,-29.31373,1.115418,0.018425666,0.09279594,-21.755705
2.7775762,0.0,-0.03555873,6.637806,1.7449623,0.03560425,0.19354683,8.835872
2.8137734,0.0,-0.355544,-2.491645,2.9399698,0.0068812594,0.059263676,0.2241104
3.207511,0.0,0.15385124,-0.6509496,2.5668592,0.017553635,0.06329253,0.6185505
3.1239994,0.0,0.62550455,-5.64321,2.703332,0.0027666762,0.12993504,-2.027414
2.297318,0.0,-0.4105268,-3.3337073,2.8022544,0.006236233,0.070815,-0.89265054
2.2287283,0.0,0.16676897,-11.373784,1.3629313,0.019128047,0.1251314,-9.815803
1.4972966,0.0,-0.36169076,3.7940497,1.9920684,-0.032636136,0.16757666,3.215736
3.2396836,0.0,-0.017229697,-0.36381352,2.6944451,0.0068254694,0.08617485,-0.9972382
2.6766095,0.0,-0.22706361,-4.668829,2.753127,-0.0026961938,0.07366647,-0.19225278
3.25238,0.0,0.26423153,0.16368078,2.6714902,0.019390412,0.057000756,0.8896312
3.2971544,0.0,0.36019346,-0.6643098,2.9294887,-0.0010784641,0.06922026,-0.90645164
2.9617195,0.0,0.3843763,1.0932113,2.4455037,0.1079463,0.13094953,-3.1417484
3.2629144,0.0,0.3707719,-0.48580948,2.909471,0.004384272,0.072930574,-1.152837
1.0,0.0,0.1804245,19.685793,1.0652303,-0.030112304,0.0315125,43.901993
2.6005256,0.0,0.70788985,-10.602155,1.1013575,0.007394694,0.11014059,-12.730511
2.9264677,0.0,0.023334548,9.276004,1.6557672,0.04011047,0.18328872,8.888969
1.0217742,0.0,-0.5125372,-59.01743,0.7134101,0.025546156,0.14901969,-56.90617
1.9307832,0.0,0.25865147,-8.231287,1.2720951,0.0098064765,0.11474976,-12.795784
3.158103,0.0,-0.012329345,-0.8797962,2.834337,0.016546883,0.08017561,-1.3850242
3.2345746,0.0,-0.01791646,0.010275661,3.0263035,0.003369607,0.056442097,-0.1708838
3.0696461,0.0,-0.33900696,1.4094353,2.8238904,0.00018318743,0.06409189,-0.4992909
2.915577,0.0,0.39970005,-1.9784825,3.039999,-0.0062069073,0.16769145,-3.119901
3.2040596,0.0,0.05133615,-0.8860836,2.7665973,0.011699922,0.10625014,-1.7629522
3.1704726,0.0,-0.09408837,-1.059571,2.9165168,-0.00535845,0.07222135,-0.8995126
1.6718001,0.0,-0.69516814,9.90769,2.284218,-0.026917279,0.08545254,2.407618
3.1107225,0.0,-0.22719765,0.28476918,2.464379,0.013056181,0.06764515,0.29133925
3.0500987,0.0,0.39088726,-3.2769625,2.6666703,0.02503743,0.098727375,-1.6274782
2.3188996,0.0,-0.70633906,4.8460217,2.3857505,0.014322989,0.07042645,2.8977654
1.0038117,0.0,0.21805297,-23.158503,0.6970085,0.036743008,0.10874495,-27.493155
2.634102,0.0,-0.06711461,7.948079,1.5429875,0.07088011,0.19303222,11.122345
2.42688,0.0,0.16988793,17.243391,1.661458,0.094735436,0.2002593,13.531501
1.0226678,0.0,0.70473266,-2.1344352,2.854331,0.003984116,0.15545033,-3.452492
3.230052,0.0,0.011534852,-0.17773794,2.9344945,0.0068941787,0.049352407,-0.41808793
3.233886,0.0,0.06904609,-0.14503399,2.9186742,0.005022131,0.059593692,0.12704471
2.9379182,0.0,0.076526195,6.93828,2.685543,0.004845716,0.073581874,2.0510597
1.2339315,0.0,-0.29537275,6.6598935,2.5409737,0.07047015,0.07131836,2.0270898
3.1685572,0.0,0.53740364,0.44191274,2.402127,0.017921679,0.15459403,-4.482017
2.7581415,0.0,-0.6534387,10.341518,1.3208535,0.09227427,0.1452989,12.550407
1.7815224,0.0,0.052270096,2.2034435,1.5201207,0.016174346,0.06669237,14.816303
1.0,0.0,0.37202588,27.024572,0.97062004,0.00021012872,0.04892215,28.74608
2.046231,0.0,0.3031136,-15.727074,2.1683028,-0.0033392087,0.16838643,-9.110762
1.0,0.0,-0.0046112523,-8.509674,2.2643142,0.03169825,0.1765525,-6.8755703
2.8657117,0.0,0.08937683,-2.717346,2.8868952,0.0049845055,0.07957388,-0.94955295
2.1256025,0.0,0.46087155,10.927417,2.4618278,-0.07284724,0.099648744,7.791293
2.5825877,0.0,0.1334562,10.71919,1.1081705,0.07968333,0.15084921,9.510032
3.0386224,0.0,-0.005148808,-0.09119085,3.0952663,-0.0032903478,0.067232594,0.20472273
3.2194426,0.0,0.2804473,0.9044955,2.848868,0.020648398,0.04567109,1.2650071
2.769103,0.0,0.10611296,9.184059,2.1361403,0.027044844,0.24580769,9.657117
2.1869416,0.0,0.14972194,-12.993805,2.698161,0.008211367,0.14401227,-3.3007674
2.4313583,0.0,0.031541407,-2.6970904,2.5817976,0.010388158,0.14305739,-3.0720718
1.0213288,0.0,-0.35065848,55.831367,1.0246627,-0.09281466,0.03495726,41.88861
3.1144586,0.0,0.23122656,4.903241,2.4427404,-0.06607839,0.100954786,4.463448
1.556985,0.0,0.7975665,-0.8661326,3.0268602,-0.0040919855,0.14511512,-2.7776284
1.9058363,0.0,0.4476777,-18.424408,1.0788764,0.002710782,0.09846589,-23.82505
1.096899,0.0,-0.41666725,-8.496136,1.7603028,0.013513647,0.14030632,-9.606997
3.0400584,0.0,-0.0038167,-0.20987765,2.638114,0.007275827,0.06291847,-0.21378848
1.2252256,0.0,0.49367476,-8.863035,2.4168344,-0.010646917,0.09404601,5.6858525
2.6100042,0.0,-0.16906276,0.11451833,3.0659342,-0.0075058863,0.069948,-0.8187696
1.0004333,0.0,-0.6925839,-67.568634,0.8018333,0.021618687,0.16720459,-71.620605
3.2185876,0.0,-0.10124542,-0.05687578,2.8692694,0.01209069,0.054264516,0.0517293
2.50499,0.0,-0.73850435,1.6576544,3.3768215,-0.0038060471,0.06702781,-0.95024425
1.0000044,0.0,-0.5642283,51.59161,1.2452353,-0.02853898,0.036219627,48.487225
2.8502486,0.0,-0.32889915,-0.9089129,2.6977606,0.014073767,0.060096264,0.5980711
1.0557075,0.0,0.3229969,1.7866031,2.3742251,0.051230125,0.16045104,-2.279381
1.2868799,0.0,-0.4058837,-13.646361,1.2096946,0.017964505,0.11488071,-9.980145
3.246091,0.0,0.28170338,0.29904094,2.6620688,0.0077188984,0.06598194,0.23063642
1.0,0.0,0.086215064,-3.1569536,2.7986035,0.011899613,0.15577468,-3.1287692
1.0006487,0.0,0.585974,11.3769245,1.0681176,0.092631705,0.1186863,12.255139
2.793698,0.0,-0.04534036,1.4629222,2.8373947,-0.002081804,0.06987861,-0.091233514
2.6096697,0.0,-0.42549488,-1.8246546,2.7781334,0.006260209,0.0700397,-0.8537242
1.0007962,0.0,-0.79294693,-41.418316,0.8308297,0.041040264,0.095864266,-31.374514
2.9896398,0.0,-0.0004068974,0.23574522,2.8340554,0.020658456,0.06379099,1.9350804
2.1016827,0.0,-0.39077112,3.3596768,2.5266294,0.02450522,0.05068952,1.0305929
3.2268214,0.0,-0.04028092,0.02255707,2.4185433,0.011486493,0.13848215,-2.457876
1.0131716,0.0,0.58663666,9.428161,2.568687,-0.05890704,0.07660931,7.6821322
3.2239678,0.0,0.1789832,-9.178591,1.5790193,-0.0026631728,0.13366184,-15.388598
1.0013832,0.0,-0.03354868,7.195524,1.3860258,0.10269303,0.1627901,12.349096
3.1455743,0.0,-0.036534652,-0.03744136,3.1132677,0.008595355,0.07239547,-1.2953528
3.245957,0.0,0.13881801,-0.1593255,3.0347874,-0.0013593957,0.06265393,-0.4759471
2.9167063,0.0,0.39908254,-6.631464,2.6670234,0.014696486,0.14572106,-2.6890678
3.1907163,0.0,-0.08815095,-0.39359474,2.9092917,0.01475767,0.055867694,0.7362349
1.0085053,0.0,0.24697377,40.442127,1.072917,-0.024995185,0.039124668,37.82637
1.5357592,0.0,0.6958101,0.013791416,2.517271,0.018298171,0.06099236,1.0345768
1.0648626,0.0,0.12742294,-41.140865,0.82972133,0.03423699,0.09850559,-22.98297
3.2201593,0.0,-0.0410672,-0.058772385,3.0995588,-0.003367789,0.061761037,-0.029278241
3.2313778,0.0,0.001196245,-0.627458,2.7363734,0.00559213,0.06481768,-0.68975645
3.0457668,0.0,0.52099925,0.29503766,2.685102,0.010042243,0.1390804,-2.5035057
1.5819019,0.0,-0.009399979,8.370634,2.641094,0.009048738,0.07399024,1.491322
1.0336607,0.0,0.52456844,42.861324,1.1503509,0.01568409,0.04825902,38.585968
2.862712,0.0,-0.13125844,13.894168,3.6479185,0.03897687,0.08829966,-0.19745728
2.9605834,0.0,0.062565476,8.154168,1.6091307,0.060166307,0.2041291,9.406203
1.7765766,0.0,-0.77880085,-5.4704146,2.2990973,0.014950089,0.15407276,-5.1874895
1.0938296,0.0,0.19650653,24.786526,1.0038726,0.021749161,0.07961421,25.166067
2.923756,0.0,0.41571006,-5.2442036,2.5970476,0.017141007,0.12500814,-2.080087
2.2970798,0.0,0.28032652,-13.895086,0.9705913,0.019046865,0.09094331,-20.463999
2.5417151,0.0,0.4870037,0.60578936,3.0720258,-0.0063948706,0.073768586,-0.01277741
2.7617717,0.0,-0.031606343,0.84620726,3.135875,-0.002254717,0.06072831,-0.531952
2.5769932,0.0,-0.38916236,1.2399738,2.7320724,-0.006094523,0.08484286,2.3066204
2.5339255,0.0,0.0766028,-13.241305,1.3260611,-0.017118014,0.11954895,-14.911403
1.0000471,0.0,-0.8039859,68.757225,1.1552974,-0.12219403,0.0025360286,60.845387
1.3985143,0.0,0.0026661493,9.178264,3.1987443,-0.027529992,0.06223163,3.8591738
1.0,0.0,0.005462209,44.655376,1.152343,-0.036500253,0.03214395,47.273598
3.0367785,0.0,-0.002581829,-0.14282024,2.9602985,0.010652386,0.047358632,0.09289364
1.2329597,0.0,-0.20528878,15.646734,0.9760735,0.002696447,0.044417173,34.16797
3.2407494,0.0,-0.001861423,-0.027788842,2.9791815,0.0069882646,0.05664602,0.21442917
2.9281967,0.0,0.03539256,-3.2029266,2.1733105,0.025928073,0.14329581,-3.6362853
2.5478327,0.0,-0.019052926,40.14458,1.2167022,0.026212536,0.039022952,36.436924
3.110027,0.0,-0.11097041,-0.30446467,2.920139,0.004269205,0.0629594,0.37426832
1.0708421,0.0,-0.23920664,46.022327,1.8739977,0.001802057,0.12527661,26.25086
1.0,0.0,0.5282073,57.1711,1.0656848,0.033653133,0.04129052,31.52473
3.0705636,0.0,0.22560987,-0.3736791,3.1165676,-0.0016430244,0.060177103,-0.53724855
1.0,0.0,-0.38782743,-63.174488,0.8693892,0.030785643,0.12542602,-51.06203
2.9945033,0.0,-0.0015827476,-3.6877499,2.5626254,0.013443552,0.17201674,-5.902525
2.762144,0.0,-0.19077857,3.9788804,2.300134,-0.03348986,0.08416121,4.530827
1.0020235,0.0,0.07248435,47.359627,1.2261791,0.042228304,0.05315253,37.52791
1.0001439,0.0,0.4047628,-48.051052,1.3352562,-0.004874982,0.1204128,-18.909304
3.1036975,0.0,0.10030834,-3.6510968,1.3651782,0.020639323,0.11842066,-7.4947896
3.2324886,0.0,0.1379718,2.065271,2.8718271,0.01395417,0.05931087,1.3435446
1.627142,0.0,0.011886022,-13.488015,2.5646267,0.008015744,0.14143768,-2.4832993
1.5265375,0.0,0.6394113,-1.4155014,3.075863,-0.009056456,0.06656402,-0.7530543
3.2352192,0.0,-0.0006561737,-0.18098748,2.7663069,0.007509075,0.055692032,-0.1978876
2.6323526,0.0,-0.007658071,-49.27123,0.898684,0.040201865,0.09200701,-27.700193
1.0,0.0,0.3773667,-19.250973,0.795555,0.03609117,0.11687395,-41.14241
1.9788126,0.0,-0.62177825,-8.4550905,3.005386,-0.022257395,0.08368033,6.0239263
3.011431,0.0,-0.0009352365,0.025725149,3.104609,-0.0068759397,0.063070565,-0.2710762
2.159873,0.0,-0.11524377,-10.303599,0.8748868,0.02041515,0.087267846,-16.915464
2.9140146,0.0,0.26704127,5.554678,2.1048074,-0.034961246,0.08249742,5.5695615
3.043809,0.0,-0.36221087,-0.97466594,3.0039904,0.008220471,0.06720464,-0.85070705
3.053059,0.0,0.32400578,-6.0357804,1.929305,0.0034377798,0.14974278,-8.615832
3.031772,0.0,-0.023247559,-0.0057003484,2.9724336,0.0053319708,0.058032155,0.0043829456
1.0002136,0.0,0.4560368,-4.4993668,2.5130515,0.027026497,0.10331968,-0.29372522
2.0614502,0.0,0.10586553,-0.50261116,1.3235685,0.01841309,0.11905843,-6.1977897
2.9882848,0.0,0.25093222,-4.561232,2.4586582,0.005740501,0.09558414,-0.78704226
2.0980117,0.0,0.29009083,-12.1284,2.735543,0.006613277,0.14465141,-3.1039135
3.166579,0.0,-0.09722768,-0.04559032,3.0848548,-0.009229071,0.066181734,-0.45326635
3.2543123,0.0,0.45808905,-0.6662669,2.952923,-0.0023738965,0.07334261,-0.5932452
1.2523478,0.0,0.042676486,-22.048792,0.728526,0.0209262,0.10864839,-28.361897
3.1831346,0.0,-0.24491736,0.30644393,2.8705542,0.00505694,0.056269437,-0.14528427
2.5153992,0.0,0.07038,-33.541237,1.2409612,0.0037911758,0.10719833,-18.578474
3.1868527,0.0,0.065530755,-0.045540698,3.131107,-0.015033595,0.077040136,-0.35882983
3.2660003,0.0,0.077951826,0.070387565,3.0088525,-0.0048101023,0.06598769,-0.34086034
2.4991417,0.0,0.10852715,-15.636084,0.9689889,0.033654414,0.098230034,-10.239142
2.7721539,0.0,0.0064407494,-5.919035,2.1027837,0.008173846,0.1525884,-7.274011
2.9220355,0.0,0.15823595,-9.203893,1.3100705,-0.0014182702,0.1212388,-13.575275
1.0,0.0,-0.5752789,12.7118225,1.1386366,0.09179265,0.10078791,16.730524
1.5126784,0.0,0.06575462,13.302784,1.2248515,0.09756968,0.1335733,13.002564
3.0205846,0.0,0.024984002,0.0022181997,2.9226356,0.0051438436,0.053694665,-0.2905588
1.0,0.0,-0.076531634,-44.407185,0.8392947,0.037675224,0.11294767,-43.954643
3.2709079,0.0,0.46319425,-0.05856858,2.817926,0.0053729936,0.06627065,0.24358782
2.6139073,0.0,-0.65404725,4.7740397,2.73098,-0.0011575446,0.07071106,2.451388
1.0061517,0.0,-0.3645058,-57.02324,0.6751665,0.02565702,0.15685531,-58.524532
2.688209,0.0,-0.269736,-2.1462185,2.7702942,0.029682048,0.10140793,-1.746502
1.723318,0.0,-0.30038688,-8.39388,1.7108814,0.017842852,0.13150707,-6.175752
2.3751354,0.0,0.37778676,-14.533815,1.1369858,0.00052090734,0.089016885,-21.146814
1.2540555,0.0,0.15595412,25.764032,1.0090868,0.056976788,0.054709613,25.957504
1.0,0.0,-0.34885794,33.72549,0.92161226,0.026411973,0.05519077,28.480684
1.0,0.0,-0.5646425,63.33667,1.327768,-0.08136002,0.01957652,60.233437
2.6681478,0.0,-0.12503947,-15.789599,1.3621178,-0.0037686005,0.12606695,-14.346172
2.6557014,0.0,0.08918878,9.394106,1.8950481,-0.0004600957,0.1594957,7.77721
3.0250971,0.0,-0.024067543,-0.15406108,3.2786908,-0.0006129518,0.0636553,-1.0508493
1.019494,0.0,-0.29066896,19.155457,1.0574605,0.04981389,0.084548116,21.684198
3.0376852,0.0,-0.0026147559,-0.14212236,3.0172567,0.006029211,0.050331682,-0.21867636
2.6033525,0.0,0.112647384,-2.9737587,2.9030104,0.013633616,0.10026391,-1.7903055
2.9017804,0.0,-0.46057957,-36.848755,1.5328434,0.034876667,0.1538656,-14.414047
3.0613139,0.0,-0.05970475,-6.763738,2.8547602,0.021150894,0.09326363,-1.6304649
2.7369516,0.0,-0.5753542,6.674029,1.8770225,-0.0031494945,0.15879777,7.2767787
3.0245967,0.0,-0.024780149,-0.031334642,2.8951578,0.0031738058,0.057673022,-0.39419755
2.7756724,0.0,-0.40090314,-0.36136988,3.0298004,-0.0053954795,0.06711055,-0.7888177
1.1239594,0.0,0.16297004,-5.059251,0.9578198,0.012994252,0.09999737,-10.763326
3.2148988,0.0,0.4640156,-0.19545838,3.0487134,0.014548279,0.046879172,1.172041
3.2004838,0.0,-0.012312792,-0.86686486,2.573168,0.008392058,0.06485534,0.05007974
3.2025511,0.0,-0.035729717,2.2276156,2.5983932,-0.027454756,0.090656236,2.4719257
1.0,0.0,-0.5219462,52.956444,1.0693829,-0.101189055,0.018324435,50.626205
1.0000004,0.0,-0.76465684,-69.45951,0.8103683,0.030145489,0.14390633,-60.127262
3.0884292,0.0,0.2848117,-0.365042,3.1198668,-0.001024954,0.057364225,-0.2976311
3.0571938,0.0,-0.26268333,-1.3281776,2.9921832,0.014888056,0.070880726,-1.2677633
1.030524,0.0,0.3719355,11.240298,1.3531656,0.11049249,0.12929422,18.127916
3.2290926,0.0,0.03775757,0.007309172,2.886534,0.015904732,0.050833136,0.38700458
3.3663025,0.0,0.40299186,0.25603202,2.9657347,0.0058893636,0.055761322,-0.20788795
3.2654784,0.0,0.38220114,3.023472,3.0785494,-0.0071711615,0.08141296,0.20496985
2.9531863,0.0,-0.005104433,-0.63832283,3.0967848,-0.002809517,0.09444346,-1.6760366
3.0131705,0.0,0.0040512607,-0.17196284,2.7580447,0.014942594,0.056898355,0.48023388
2.852226,0.0,0.42183366,9.132059,1.3601894,0.08301053,0.16292246,11.467061
2.230662,0.0,0.062555574,13.367235,2.389047,-0.05973073,0.09162015,7.4406238
2.787103,0.0,0.12075871,1.2022518,2.7289386,0.013013326,0.053276747,1.3884714
2.840196,0.0,0.137702,-2.9455976,2.6146488,0.008517586,0.13534549,-2.5757797
3.2240784,0.0,-0.115397625,-0.03975895,2.7491384,0.0064325556,0.06015423,-0.4338164
3.3354003,0.0,0.43211535,-0.5166189,2.819162,0.0020321086,0.071946084,0.2881836
3.1854193,0.0,0.01372622,-3.5637646,3.0611186,-0.0067194626,0.06743389,-0.6826732
3.20436,0.0,0.54237044,0.75471574,2.715437,0.0033260807,0.1390881,-1.9792
3.1428094,0.0,0.001960644,-3.7236874,2.6511736,0.017799757,0.13989645,-2.4833663
1.0856196,0.0,-0.37528372,21.58044,1.8492917,0.007969029,0.17572203,7.3157587
3.2377675,0.0,0.21195987,0.095036246,2.7797804,0.0058016106,0.06954317,0.5492713
3.275028,0.0,0.51956105,0.7159522,2.708919,0.0065337047,0.0628967,0.057920136
3.1783488,0.0,-0.04215595,3.3562102,2.6326768,0.011689045,0.06272963,1.6420244
3.233623,0.0,0.0185613,0.2153822,2.8877525,0.011807077,0.05828452,0.58769137
2.5654807,0.0,0.18767183,6.920702,2.2784188,-0.028004222,0.07212396,5.087394
3.2110062,0.0,-0.017899817,0.29636973,2.4734652,0.011142865,0.06861144,0.3354737
2.2267041,0.0,-0.36254814,1.7215761,3.3880987,-0.0020408407,0.053135306,1.3863803
1.8850995,0.0,-0.27077052,36.43264,1.325728,0.07262843,0.062157005,29.259417
1.0162361,0.0,0.10607107,-21.26265,0.86410713,0.030652724,0.09940621,-27.31439
3.043365,0.0,-0.024540128,-1.7259569,3.0266223,-0.00781659,0.069431126,-0.8074236
3.1783109,0.0,-0.04010456,0.28329766,3.1677833,-0.015466981,0.07259047,-0.3800786
2.422058,0.0,-0.10975453,2.1552856,2.9762459,-0.0039659515,0.070588306,-0.5035755
1.0018573,0.0,0.6206064,3.461078,1.2718387,0.0753354,0.16846952,7.8610983
1.0,0.0,0.78911555,7.969933,1.04528,0.08122941,0.076271504,19.139677
3.0306726,0.0,-0.268234,-1.5383562,2.7962456,0.009420432,0.06001416,-0.6926448
1.5093218,0.0,0.23953351,-12.959125,1.0994949,0.055857502,0.12263569,-13.18588
2.8810353,0.0,0.32340413,-2.3075304,3.017876,0.0034543648,0.07757738,-1.2392498
2.9842408,0.0,0.06031183,25.521055,1.3200574,0.100653194,0.11783379,18.745768
1.0055783,0.0,-0.45448375,-43.778503,0.75813466,0.0305508,0.12598869,-45.276077
1.0000018,0.0,-0.12513363,4.180409,2.198133,-0.029813997,0.09576525,2.4934433
1.0000118,0.0,-0.8096136,-69.817825,0.8320478,0.026773773,0.14849207,-62.114502
2.5668063,0.0,-0.19238535,-0.36585137,1.816845,0.036839984,0.1562356,-7.5666556
3.2043514,0.0,0.007952826,-0.5510722,2.493548,0.0067312047,0.071028076,-0.757668
1.9804863,0.0,-0.33488032,11.330682,1.31848,0.09430718,0.10638833,19.934938
3.2335033,0.0,0.02069363,0.12690614,2.6737027,0.0012988821,0.07536039,0.066786386
1.0069128,0.0,-0.27399382,61.464645,1.0757872,-0.16092804,-0.0030701458,59.76098
2.8695097,0.0,0.30974895,-6.3146224,2.8190417,0.007573329,0.1441971,-2.7578495
3.054763,0.0,-0.006521414,-3.232755,2.9143605,-0.0033318028,0.07600476,-0.11587479
3.1515138,0.0,0.23439123,1.9270426,2.6740093,0.007946514,0.06741801,0.47275978
1.5468482,0.0,0.7293604,-5.334051,2.546805,0.017074041,0.1644499,-4.526706
3.0912313,0.0,-0.027522027,2.316965,2.6922927,0.003156878,0.066048294,-0.23030731
2.386729,0.0,0.061975442,3.205052,1.6209294,0.011627659,0.13417602,10.6137905
3.0333786,0.0,0.08176459,-0.77634746,3.0017314,0.01094716,0.05266261,0.26697472
2.5087104,0.0,-0.014421307,34.607056,1.2238036,0.04562097,0.041642964,34.01311
2.8831136,0.0,0.035674103,-3.099457,2.9608657,5.132705e-05,0.06308836,-0.6892328
2.9500635,0.0,-0.21778235,-1.5433037,1.0147207,0.011490308,0.10072252,-15.939034
3.2451882,0.0,-0.005585642,-0.058930065,2.8969693,0.0095017925,0.05607614,-0.115467094
2.8692229,0.0,0.26863208,4.194426,2.7096336,0.008155189,0.07203177,-0.88893825
2.5532324,0.0,0.31335148,1.058548,2.4955266,-0.029245377,0.08089997,3.4185634
1.0022818,0.0,-0.42369482,-64.596375,0.80812454,0.00041421503,0.15546057,-66.61719
3.0523312,0.0,0.19340993,-0.0005924687,3.0617983,0.012851991,0.09530326,-1.8357888
2.274199,0.0,0.7764404,-5.4316673,2.3124716,0.0028946027,0.16533853,-5.5751824
1.2462661,0.0,-0.10215633,14.75454,1.2948445,0.0968555,0.13426015,13.899413
3.2354057,0.0,-0.047055677,-0.05689465,2.9152052,0.004174866,0.05895607,-0.38965735
1.675139,0.0,-0.6146195,12.957059,1.4369721,0.06805761,0.1806671,9.414382
1.6930418,0.0,-0.1304068,38.103485,1.1328907,0.017021142,0.039991587,35.473392
1.0167333,0.0,-0.21802884,-44.603046,0.94239306,0.033714615,0.12530872,-50.18683
1.0,0.0,-0.23875326,59.009438,1.1860145,-0.040315248,0.028477699,48.207508
3.1583807,0.0,0.28968456,-3.1526978,2.6716037,0.030925252,0.110489406,-1.8760182
2.5763187,0.0,-0.08810156,9.634833,2.1578546,-0.047904454,0.13365555,5.588183
1.0027497,0.0,-0.40678203,-64.40011,0.96917397,0.036203228,0.13524935,-59.72708
2.937751,0.0,-0.05726729,-0.48054457,3.0409057,0.0033304617,0.067729,0.5379441
2.9552293,0.0,0.21986362,-8.136644,1.7027537,0.0052389726,0.15392795,-9.021754
1.0253332,0.0,-0.37760037,-51.754375,0.65485454,0.040887915,0.13233587,-48.84414
2.3984804,0.0,0.26984048,2.748217,2.629219,-0.027988829,0.08517903,6.557083
2.6455288,0.0,-0.41084337,-10.340135,2.1330986,0.02004338,0.13243826,-2.4819982
1.000026,0.0,-0.399461,-51.451965,0.72147214,0.03412374,0.13172147,-49.235893
1.0061467,0.0,0.080701694,19.330591,1.04381,0.08010658,0.07671791,19.218225
3.088576,0.0,-0.003220799,-2.5059066,2.95427,0.008408837,0.13223232,-2.4904556
2.592415,0.0,0.2841803,-0.8441911,2.7505379,-0.0052585974,0.07537532,-0.26691672
1.0238183,0.0,-0.42157957,36.19142,1.4981321,0.055487864,0.11980216,24.88359
3.0393748,0.0,-0.0015748645,-0.07247925,2.9344273,0.008623369,0.048812523,-0.023123287
1.0057119,0.0,-0.6169266,-46.221546,0.8406008,0.020919405,0.1320462,-56.75978
3.0439925,0.0,0.13231887,-0.73532003,3.0459027,-0.003476791,0.0638013,-0.088414334
3.0266032,0.0,0.043989204,-0.5549071,2.699591,0.0105230585,0.059340015,0.18153402
3.2299137,0.0,0.65330076,2.772423,1.4369192,-0.012829006,0.09356947,5.7782917
3.2056253,0.0,-0.017139079,-0.0127838785,2.92203,-0.0014211908,0.13987654,-2.575887
2.8178954,0.0,0.030596882,-2.357856,2.890203,-0.00014366955,0.06527199,-0.27649847
2.2391396,0.0,-0.033434797,1.8732761,2.6964405,0.015500598,0.0647513,0.7429587
3.081358,0.0,0.164207,-0.95363057,3.0232859,-0.0073407367,0.0668502,-0.13151792
2.9533854,0.0,0.31115267,4.0608826,2.1729627,-0.044582732,0.12504517,3.923687
2.0285456,0.0,-0.70948637,-1.9426054,2.8483405,0.005695544,0.065839976,0.4167745
1.0,0.0,-0.43820703,-61.525177,0.9270814,0.031348787,0.11182377,-42.19494
3.0367682,0.0,-0.003005796,-0.60248697,2.8948562,-0.0028278306,0.06603195,-0.5480227
2.5900812,0.0,-0.3138807,1.1966991,2.970458,0.014947005,0.06423132,-1.0821574
1.511072,0.0,0.3360639,10.421691,2.0164008,-0.035219684,0.081426695,6.085848
3.2198777,0.0,0.206028,-0.794216,2.9501398,0.0029609725,0.061420202,-0.78173757
1.0000188,0.0,0.116107844,8.295529,2.537901,0.031946413,0.15446743,-2.1902218
2.9085135,0.0,0.03719932,-4.6910257,2.9132795,0.003543727,0.06673977,-1.0353267
1.7881365,0.0,-0.7127498,14.133725,1.1731843,0.09738309,0.13545403,11.823047
3.242755,0.0,0.48783222,0.42752275,3.2910771,-0.009294935,0.16126162,-2.277512
1.2849568,0.0,0.0010978339,-34.6841,1.0513299,0.01214274,0.09387681,-15.955281
1.9549062,0.0,-0.09870939,12.280495,0.9901263,0.07284903,0.083032995,17.392666
2.7607691,0.0,0.06039599,7.00401,2.2625854,-0.048136927,0.10955861,7.070005
1.0001508,0.0,-0.67160314,-68.09618,0.9889701,0.021807037,0.13443539,-63.229492
1.0072155,0.0,0.0019567395,-36.685493,1.1009729,0.013803326,0.108910054,-40.82656
2.813345,0.0,0.9737844,-3.8360324,2.154531,0.01825764,0.13831753,-2.853124
3.2662723,0.0,0.119622454,0.055237908,2.6545255,0.026210196,0.08449403,-1.4249039
2.6886883,0.0,0.08521308,2.6272242,2.4224875,0.013469525,0.11271596,-1.2587553
2.8983533,0.0,-0.06676256,12.34609,1.444195,0.09400045,0.16705783,12.944383
3.2220309,0.0,-0.060208756,-0.02551105,3.0168102,0.0049953237,0.053083107,-0.54694873
2.7682855,0.0,0.24153744,2.065759,1.7873876,0.018770345,0.16008389,12.091206
1.5121875,0.0,-0.4677583,-8.882295,1.8088081,0.007099889,0.15305981,-12.017732
3.169073,0.0,-0.08498058,-1.118374,2.9107,-0.005666591,0.069558546,-0.706669
3.002816,0.0,0.1532835,2.080573,2.8322113,0.020201288,0.046753973,1.2749826
3.2526088,0.0,0.10692408,-0.103812926,2.7564363,0.012428962,0.0555256,-0.010875545
2.8245041,0.0,0.16859831,5.694053,3.0540752,0.025426768,0.09872017,-0.3543541
1.0026977,0.0,-0.32683098,-64.33248,0.90085375,0.02914127,0.13869831,-56.862328
3.4048493,0.0,0.0059937765,-0.08150803,3.1324089,-0.008897863,0.064867616,-0.38341498
2.4378028,0.0,0.10273103,-7.068457,1.6995978,0.009581529,0.13949421,-7.966059
1.0,0.0,0.3305658,32.71944,1.7016695,0.031102829,0.15540384,21.534655
3.2519112,0.0,0.5528151,0.59406483,3.219808,-0.015304901,0.0773254,-0.25819483
2.7419965,0.0,0.07141994,-2.2104406,2.7812042,0.014538176,0.12084322,-2.1257813
3.1822705,0.0,0.11734408,-0.51986843,2.1876287,0.02303204,0.06397414,0.13088211
1.0,0.0,0.005856977,-17.956772,1.4881318,0.06449374,0.16217479,-11.100584
1.5328022,0.0,0.24199383,-14.332575,1.7329493,0.0053478703,0.15446457,-7.1264987
3.3198001,0.0,0.15795365,0.19718364,2.4042425,0.004500322,0.08638251,1.2506039
1.0,0.0,-0.057223734,-31.019611,0.8941464,0.018203817,0.09323314,-13.157136
1.072854,0.0,-0.7166668,-1.4613017,1.1440016,0.036033474,0.11281335,-5.168287
2.2736082,0.0,0.054189257,0.3178935,3.1852367,0.015614681,0.04125832,1.6199882
2.8973274,0.0,0.2326852,-7.507829,1.6290671,0.016028367,0.12817207,-10.189725
3.2547226,0.0,0.22041059,-0.00817467,2.8170366,0.010632701,0.06530242,-0.92073375
1.0,0.0,-0.075264044,-49.53929,0.8753686,0.034974657,0.124464005,-51.309868
3.0365784,0.0,-7.083406e-05,-0.1328243,3.007054,0.0035733804,0.057467356,-0.26201963
1.0701385,0.0,-0.32560274,37.66317,1.0729853,-0.04259608,0.025471777,44.760353
3.2306952,0.0,0.14207496,0.09138371,2.6713018,0.0015441999,0.07399419,0.16470835
2.9172173,0.0,-0.006375545,0.7561047,2.870731,0.003710024,0.0685453,1.0001835
1.4807398,0.0,-0.08957831,-29.804752,0.79221326,0.044492207,0.09104583,-24.644197
1.0000147,0.0,-0.590858,-43.074425,0.8232442,0.04623898,0.103532046,-35.593636
1.0240501,0.0,0.32850417,-46.054726,0.9691858,0.022989474,0.089623064,-21.053097
1.6348745,0.0,-0.03818843,13.271963,1.2792063,0.0993176,0.14194188,13.114457
1.0,0.0,0.28709015,27.11736,1.0435772,0.052015983,0.0543783,28.898575
2.872864,0.0,0.20586306,4.919326,1.4440188,0.08824031,0.20673016,9.306441
1.0,0.0,0.43293855,25.79657,1.8304975,0.2233608,0.1259701,0.30734506
2.6821673,0.0,0.21622345,3.7562876,2.7258382,-0.0051138923,0.08672693,0.06143514
1.0003562,0.0,0.00044857935,9.242697,1.7265897,0.08485596,0.23930922,10.613257
2.291811,0.0,-0.018828647,15.343012,1.5919583,0.085841894,0.20070054,11.85842
2.9618573,0.0,0.21549493,0.1765914,3.0195634,0.018715851,0.045568854,1.5428685
3.164743,0.0,-0.0015099255,0.4615323,2.7299838,0.012704127,0.0611033,0.48899898
3.083637,0.0,-0.2801788,1.3857828,3.0697742,0.0019645765,0.05466616,-0.3899109
1.0000057,0.0,0.12298509,-24.754574,0.8300761,0.045338474,0.09893891,-30.741472
3.0677168,0.0,0.047171142,-0.7414166,3.0266614,0.0071013346,0.05925794,1.157667
3.0099301,0.0,-0.15467039,-0.4642428,2.962204,0.0155372545,0.08473842,-1.5650935
3.235431,0.0,0.028082158,0.19279675,2.3080702,0.012200192,0.06658904,0.08877588
2.9363775,0.0,0.08935132,-1.8643991,1.8370793,0.019221209,0.1318336,-5.6738048
3.2320895,0.0,0.018204475,0.28224427,2.8049612,0.0142592415,0.058440387,0.69127035
1.0153612,0.0,0.5136481,-18.73146,1.4263217,-0.020508327,0.11063501,-20.663132
3.0365722,0.0,-0.0041706017,-0.023856968,3.1040692,-0.0056994334,0.07122545,0.090566196
1.5930573,0.0,-0.27680996,36.81266,1.5017586,0.08705618,0.117636174,22.079447
3.120667,0.0,0.15563703,-5.056187,2.2345905,0.00889989,0.15051277,-5.4447217
1.0840863,0.0,-0.12192411,3.9785855,0.9760768,-0.013727941,0.062246278,30.208418
2.7560914,0.0,-0.05296612,2.955937,2.910023,0.019901924,0.076407015,0.007473506
3.2285213,0.0,-0.04065491,0.04231981,3.1658661,0.014978178,0.06805457,-1.4005784
1.0918047,0.0,-0.19341768,-26.185314,0.7480732,0.030398212,0.12881085,-18.104208
1.0000123,0.0,0.60145843,45.46676,1.135027,-0.03913919,0.022533536,45.904427
2.9547367,0.0,-0.007532767,-2.3828807,2.8173213,0.0010004565,0.066137,-0.48341772
1.0014226,0.0,-0.4622439,-61.008972,0.7779995,0.028536879,0.122480124,-44.608032
3.0372167,0.0,-0.0013284056,-0.008786483,2.8717227,0.006430246,0.057867274,-0.29148743
3.1763847,0.0,0.19577692,-3.57602,2.3770022,0.013644062,0.08136568,-0.87922543
3.2587748,0.0,0.28998095,0.34369242,2.7534301,0.008861281,0.067744315,0.4881197
3.2037854,0.0,0.16727105,-2.3701565,2.8080394,0.012866013,0.15668796,-3.72276
3.1977868,0.0,-0.13148034,-0.098539494,2.5901003,0.02238924,0.07136094,-1.0963168
3.1701643,0.0,0.23194255,0.5267324,3.0825567,-0.0013066307,0.12996371,-2.4242382
3.0148025,0.0,0.16542438,-7.031466,2.492605,0.020117335,0.15529466,-3.9624593
1.0011423,0.0,0.38995054,27.705677,1.3474575,0.09482806,0.1052039,22.20201
3.2742808,0.0,1.1869274,1.0735744,2.7585704,0.0027755126,0.068199694,0.14739224
2.6471815,0.0,-0.14176467,2.7411494,3.131904,0.005003862,0.061886683,0.7353868
3.2418032,0.0,0.013507581,0.08377039,2.8494673,0.002400063,0.060261026,-0.24094996
1.0000005,0.0,0.47273618,-69.767136,0.8006623,-0.002552189,0.16449043,-71.85494
3.1064,0.0,0.5937902,-2.2732916,2.8021092,0.0013334379,0.14165425,-2.6343763
2.9861894,0.0,0.008212861,0.09501129,3.156561,-0.0057520047,0.068275645,-1.0033213
1.609613,0.0,-0.55443305,12.393393,2.2636285,-0.008474223,0.20547017,9.475648
3.1125414,0.0,-0.09873876,-0.14840813,3.0461454,0.0052296147,0.0606163,0.68950945
2.8492122,0.0,0.4916194,1.3583874,1.7668681,-0.013137512,0.115514755,6.3918695
1.031757,0.0,-0.012583151,11.162328,0.9347305,0.088142894,0.10308854,11.85684
1.0032251,0.0,-0.6560406,-56.823856,0.7363883,0.023064218,0.124038905,-48.00763
3.2206986,0.0,0.4216168,-1.2072505,2.741732,0.008590765,0.11550268,-1.7724708
1.3264067,0.0,0.37183252,27.257803,1.2389991,0.099361725,0.11181617,17.094748
3.0754995,0.0,0.017855225,36.771553,1.2629031,0.06591051,0.07197523,25.382399
1.6839167,0.0,-0.23557426,11.953805,1.1004145,0.004440509,0.11594066,-16.733576
3.2055464,0.0,0.027148282,-0.19991815,2.8944252,0.005568646,0.056294322,-0.70125824
3.2813148,0.0,0.2694641,-0.105372325,2.9422898,0.005262576,0.045844898,0.3150806
2.723636,0.0,0.65638185,11.593317,1.9789243,0.016245581,0.17041685,10.67356
1.0018506,0.0,0.04249964,22.999731,0.93195873,0.05132114,0.047316283,24.367025
1.0010803,0.0,0.7192992,-31.724812,0.9085567,0.018584333,0.097866386,-25.401098
2.8628268,0.0,0.25219354,-1.5776716,2.6512747,0.005431287,0.14709686,-3.200419
1.4976987,0.0,0.48008886,1.6135757,2.4033494,0.010125004,0.07247378,0.2177999
1.0071673,0.0,0.26048058,-33.542446,0.66944945,0.040192448,0.10895249,-35.74228
2.9718058,0.0,0.044079605,-7.4226894,1.3137169,0.028834783,0.11490205,-9.179381
1.0,0.0,0.50812465,28.27023,1.7735224,0.07055023,0.20951778,14.2275305
1.070431,0.0,-0.1270796,12.355076,2.4966133,0.088021465,0.080561236,2.0690467
2.969039,0.0,0.086724326,-0.27166563,2.7738767,0.00599166,0.066042185,-0.05476936
1.0,0.0,0.65700686,-34.13061,0.8966612,0.03397175,0.09871933,-26.508795
3.1582773,0.0,0.29194394,1.1982306,3.0981865,-0.012538604,0.07599504,0.004172422
1.105367,0.0,0.5380809,29.324688,1.01195,0.01421275,0.044813097,33.16169
1.6040483,0.0,-0.014704419,0.22148317,3.1740603,0.00797569,0.06687859,2.6440234
1.0,0.0,0.5926593,30.517616,1.0560122,0.04055404,0.042133868,28.253923
1.0,0.0,0.13001198,56.06043,0.9921149,-0.056297697,0.04046601,34.77931
3.0626438,0.0,-0.21263918,3.369388,2.0896244,0.01667618,0.1605706,-6.295016
2.3922026,0.0,0.23348817,-0.4169793,2.738149,0.027927361,0.07064296,2.4541934
1.6843946,0.0,-0.17572097,4.2376533,2.0125222,-0.026867889,0.1460771,5.8686166
2.6904695,0.0,-0.1486979,2.2240317,2.8381257,0.012148373,0.15114734,-2.9720654
3.0149536,0.0,-0.049012814,-0.02691807,2.970685,0.010136567,0.054808274,0.49392843
1.0,0.0,0.64332414,-65.30527,0.71806955,0.015828691,0.14363858,-55.667248
2.38556,0.0,-0.57232124,7.151989,2.2433586,0.0077216104,0.2211914,10.432651
2.8747377,0.0,-0.27416748,4.7000737,2.1735241,-0.055294342,0.10874422,5.981516
1.604134,0.0,-0.4027101,38.006924,1.0650818,0.073057614,0.07812363,20.313128
2.7590325,0.0,0.1751531,3.4416106,2.9559467,0.005799927,0.059563994,0.14578405
3.2384977,0.0,0.44568297,1.0489919,2.6780324,0.019237094,0.05692497,1.541803
3.4021459,0.0,-0.1553227,0.005070449,3.12825,-0.005328588,0.07378681,0.23559085
3.0157132,0.0,-0.008972437,-0.098448664,3.1216025,0.004818909,0.054400176,-0.047360502
1.0,0.0,0.94702595,35.60334,0.80878496,-0.048583098,0.050299853,29.397297
3.1980526,0.0,-0.014421825,-1.5065898,2.5387282,0.02098187,0.15016714,-3.0768402
1.7984422,0.0,0.3627652,9.297289,0.79994935,0.0497062,0.057307437,18.343645
3.040755,0.0,-0.0032246008,-0.14637147,3.095843,0.004735373,0.059815094,0.5212316
1.1846004,0.0,0.0061484715,-21.131971,0.936625,0.027175628,0.103057,-27.49067
2.2296882,0.0,0.65936446,0.9496129,2.533297,0.010325588,0.078693,-0.93562466
1.0001602,0.0,-0.14043762,27.38309,1.0035913,0.030949824,0.046086043,29.785965
1.0042514,0.0,0.018315556,-35.777176,0.89520556,0.039770924,0.10989711,-41.33606
3.269724,0.0,0.28008488,-0.14060552,2.7687767,0.0017918125,0.06281397,-0.48672375
3.3240209,0.0,0.90879154,-0.24764256,2.8378265,0.008415185,0.05899982,0.21814725
1.0,0.0,0.17639194,-22.95869,0.71313727,0.034022294,0.09210941,-25.329401
2.558945,0.0,0.35142884,-8.456537,1.771904,0.030869745,0.12944213,-6.5397716
2.9257617,0.0,0.24627692,-3.08032,3.006113,-0.010740943,0.075935826,-0.5268852
2.8580818,0.0,0.059855677,-13.4969635,1.5570079,0.027509116,0.13203791,-12.161395
3.078264,0.0,-0.01565079,-5.540246,2.5139818,0.017896317,0.1542379,-3.9262946
1.3237734,0.0,-0.07383424,14.191748,1.2354484,0.07321628,0.110508755,18.287973
3.1720662,0.0,0.040804584,-0.289995,2.6842208,0.014096446,0.049981177,0.006852843
1.0047805,0.0,-0.527377,-62.431473,0.762931,0.020842873,0.1642544,-67.65551
1.3176937,0.0,0.08136211,-15.3148155,0.9717518,-0.0007080212,0.09843537,-27.71543
3.2361274,0.0,0.0034686197,-1.1795977,3.090276,-0.006568812,0.066652596,-0.77574
1.3564644,0.0,0.6050733,-20.845428,1.0685682,0.010729395,0.1064339,-12.361356
3.0106683,0.0,-0.01809645,-0.0010514901,2.8437047,0.007733263,0.05576697,-0.07552674
1.5919282,0.0,-0.37658572,-30.547255,0.8906807,0.034422122,0.0905374,-23.699827
3.218833,0.0,-0.10653459,0.087532625,2.9564922,0.0044090524,0.051766247,-0.24195796
3.1438553,0.0,-0.26474777,0.22047219,2.6039853,0.013260119,0.06295967,0.15831375
3.016647,0.0,-0.102725446,-0.10626728,2.82976,0.008713536,0.058588088,-0.01152619
2.5364928,0.0,0.047862332,1.6979026,2.801837,0.007933743,0.10791254,-1.7236651
3.039658,0.0,-0.00461639,-0.10493671,3.0843585,-0.0033434853,0.07389441,0.6769336
1.0002655,0.0,0.25347307,-6.1098113,3.0697522,-0.009710692,0.0802321,-0.5929953
2.7576087,0.0,-0.10884068,-1.6430765,2.848915,-0.0014309064,0.13880858,-2.3247907
2.444373,0.0,0.032924857,-22.325092,1.2594919,-0.010179557,0.11156568,-17.078506
1.0007917,0.0,0.38008848,-52.494392,0.8712698,0.038699232,0.10441849,-40.122513
2.8265898,0.0,0.068676785,-7.224656,1.3650587,0.05323293,0.13688913,-10.19049
3.2236402,0.0,-0.037808064,-0.49060252,2.8076532,0.0070912465,0.15016732,-2.9371407
3.2164795,0.0,-0.09979706,0.21531734,2.5945466,0.008820079,0.0627051,-0.07899802
2.996724,0.0,0.094867826,6.7585683,2.4743295,0.03701391,0.06964916,0.33975852
3.0244846,0.0,-0.00088010036,-0.6596372,2.983891,0.0021142438,0.062721804,-0.064730786
3.2049248,0.0,0.26648068,0.04542644,2.8033466,-0.00032510608,0.07131286,-0.90393406
3.412468,0.0,0.06882683,-0.14344878,3.2417006,-0.012369655,0.06613776,-0.54141665
2.3388295,0.0,-0.278813,2.8288112,2.911935,0.013265945,0.052159823,0.7269638
1.0,0.0,-0.8288461,-70.340065,0.80877364,0.024011217,0.1351814,-55.252964
2.8197827,0.0,-0.2982436,-4.720856,2.9039693,0.0028959438,0.09377991,-1.404935
1.0000015,0.0,-0.5779789,49.859146,1.2419999,0.07264774,0.063942164,26.654795
2.9949486,0.0,-0.10038081,0.47527975,3.0474646,0.005501725,0.056499347,0.10234801
3.1239233,0.0,-0.033263527,-1.9481086,2.4730525,0.010128923,0.0779599,-0.50642496
1.0,0.0,0.083945274,-1.9177414,2.9933186,0.00510899,0.07285191,-0.76481867
1.0443141,0.0,0.4447713,-55.506294,0.7696054,0.025314651,0.12949964,-45.873184
1.0,0.0,-0.07488045,42.415257,1.4427674,0.08333414,0.075612605,32.611324
1.0000008,0.0,0.78829825,-52.24815,0.9812975,0.030525528,0.116096705,-45.14865
2.998184,0.0,-0.0014981973,-1.5824995,2.92514,0.013529085,0.15668926,-3.302872
2.7979465,0.0,-0.008998786,-1.9438556,2.4628801,0.014453493,0.15026203,-3.1824243
1.0217153,0.0,-0.19124041,55.650665,1.1672864,-0.080169834,0.016523212,54.749077
3.1672394,0.0,-0.044934936,0.028690688,2.9363565,-0.0016719773,0.06546743,-0.0058703646
1.5182408,0.0,-0.05392273,31.37382,1.3790061,0.07917612,0.0813818,26.937963
1.4679757,0.0,-0.2780897,-22.629606,1.0343554,0.01957699,0.090848655,-21.831007
1.0000507,0.0,0.01680385,9.980719,1.3418436,0.076948,0.17487663,9.1569395
3.4447381,0.0,0.48762506,-1.0967895,3.325905,0.0025367066,0.15048377,-1.5509583
3.2549117,0.0,0.04294106,0.5313364,2.9190917,-0.0025830194,0.07142584,-0.95027095
3.2532928,0.0,0.124648824,-0.032937225,3.1788077,-0.005163841,0.06152506,-0.3226266
2.1786513,0.0,0.058639318,-3.8738241,1.6571851,0.028904878,0.14180598,-8.920722
3.0061169,0.0,-0.009916301,-0.034807414,2.8993351,0.007968582,0.058854744,0.17019513
2.1603522,0.0,0.8925398,7.8029137,1.4973482,0.098353595,0.17820525,12.407258
3.0121582,0.0,-0.016704598,0.013566224,2.7997978,0.008510403,0.06299785,0.28516576
1.8756337,0.0,0.115519196,-12.789383,0.7374298,0.024071895,0.08438966,-14.828077
3.0552268,0.0,0.20302792,-0.29953134,3.115365,-0.010067575,0.06647606,-0.46684918
2.3054912,0.0,0.028979713,12.479884,1.2672849,0.09805214,0.13641551,13.95527
2.7080731,0.0,0.068914466,-2.760988,1.6783495,0.02590575,0.14203525,-8.878246
2.6593316,0.0,0.19840507,0.8650981,2.7505016,0.0045232847,0.07528467,0.32872298
2.725309,0.0,0.0635627,-10.94579,1.3746258,0.0005123243,0.119080156,-13.035211
2.845972,0.0,-0.24129859,-1.7539364,3.1137376,0.003103368,0.057968497,1.1815293
1.2600269,0.0,-0.110013776,-36.400135,0.82903576,0.033401333,0.10090098,-28.436323
3.0818727,0.0,0.16870406,2.4653528,3.0401115,0.011493854,0.05180636,1.7786577
1.00005,0.0,-0.7012844,68.930084,1.3870461,-0.06237767,0.023536116,58.823135
2.9120023,0.0,-0.083555825,4.556224,3.064003,0.004416935,0.057801574,0.18735829
2.9941497,0.0,0.08143618,-11.35403,1.5696985,0.008744083,0.1321877,-11.300176
3.2415767,0.0,0.005560793,0.014735534,2.9989448,0.0019683763,0.059892938,-0.66632265
2.6095068,0.0,-0.06373193,-3.4743366,2.8619564,0.0011868104,0.13929869,-2.3506138
3.0075154,0.0,0.08138091,1.318216,2.8644235,0.003849171,0.06934652,3.0878854
3.163699,0.0,-0.0949562,3.9764893,2.9975097,-0.004138328,0.07792757,-0.15356508
2.8723445,0.0,0.39473733,3.3227406,2.9347186,0.011506446,0.07063362,3.4518688
1.0,0.0,0.28610423,58.58886,1.1193254,-0.007720448,0.04193327,40.612473
1.0000226,0.0,-0.047652576,-22.765348,0.8034303,0.02223941,0.109720916,-21.096588
3.0726516,0.0,-0.10246042,-0.103939645,2.9974442,0.001614742,0.06119348,0.15223518
1.0007709,0.0,-0.13173895,24.518688,1.9349794,-0.035335086,0.07496537,13.287183
1.0,0.0,0.1610941,12.139772,1.2918315,0.093833186,0.11969602,16.8347
1.0037774,0.0,0.51647013,-18.862669,0.93148255,0.025891028,0.10256538,-28.42039
1.0001957,0.0,-0.6303962,66.04818,1.2556897,-0.0755227,0.019274205,56.6786
2.7750435,0.0,0.5001939,1.439517,2.9587646,0.018046252,0.0473983,1.0839971
2.1348484,0.0,0.75280416,-1.6738844,3.029201,0.019912906,0.056172177,0.82231796
1.0875679,0.0,0.01734851,-33.202133,0.8450759,0.031242214,0.09821889,-30.143503
2.354071,0.0,-0.34130067,2.3417454,1.5207226,-0.020401224,0.113058165,3.5181677
2.3916225,0.0,-0.29606912,11.89697,1.4688656,0.07175174,0.19222638,9.92439
3.2454407,0.0,0.005344901,-0.0741974,2.8517084,0.009840466,0.058654368,-0.09601756
1.7861336,0.0,0.09317034,-4.930244,1.4217997,0.04003211,0.12422467,-2.5436351
1.000971,0.0,-0.712368,-62.291958,0.76490223,0.018843733,0.13634273,-53.980194
3.2657123,0.0,0.23709649,-0.09579859,2.7064784,0.010920472,0.06430529,0.46530762
1.7134326,0.0,-0.3269167,-8.616103,1.0645305,0.04254272,0.106464386,-8.194935
3.2356894,0.0,0.20382792,-0.6198673,2.7031353,0.0006586239,0.07015832,-0.5293633
1.000065,0.0,0.23819032,-3.1063163,2.340608,0.009193696,0.10784432,-1.3560386
2.675187,0.0,0.14690886,2.8730135,1.9308288,-0.02338428,0.121450886,5.5970397
3.1160414,0.0,0.004051809,-0.029289406,3.0053046,-0.0054105,0.06741467,-0.5500501
3.2892323,0.0,-0.13840728,-0.28105178,2.728693,0.005542688,0.062085524,-0.4171354
3.1813745,0.0,0.5494339,5.5543265,1.312652,0.09495615,0.13751322,14.345767
2.956977,0.0,0.088758506,44.76214,1.4073339,0.09020548,0.09516892,24.449348
2.9712124,0.0,-0.087377265,4.8322587,2.1764793,-0.013360314,0.09316771,2.5366817
3.393561,0.0,0.542683,-0.10779593,2.9704404,0.008609064,0.05888754,0.8056097
2.4198046,0.0,0.12366083,-7.4617934,1.5988865,0.058058046,0.14680588,-7.717612
3.24372,0.0,0.075929925,-0.16269735,2.9839363,0.007703595,0.050235793,-0.055051826
2.6432974,0.0,0.23356406,14.487194,1.2921507,0.09168225,0.11316179,18.567553
3.2629457,0.0,0.34922996,0.023738487,2.8415346,0.002806969,0.06302059,-0.30101964
3.4236388,0.0,0.0034124856,0.8336685,3.0682654,-0.007293321,0.07755855,-0.22338507
3.3112466,0.0,0.08172153,-0.042584084,2.5950599,0.019128285,0.058117256,0.48982182
3.2401848,0.0,0.0207729,-0.359597,2.8088536,0.0033963993,0.06464794,-0.746301
1.1816893,0.0,0.45541853,-21.042786,0.6886669,0.041038834,0.09164056,-17.232267
2.3213155,0.0,-0.2678226,12.366467,1.2430168,0.099171735,0.12567,13.999553
3.191048,0.0,0.1654026,4.1405754,2.865579,0.012846552,0.05983685,1.2371004
1.6334335,0.0,-0.04505596,-22.753382,1.0449653,0.020258509,0.10136458,-17.618702
1.0000145,0.0,-0.70036125,69.6081,1.3256414,-0.068101384,0.022471994,57.246292
2.238433,0.0,0.047195572,-4.0639935,2.846273,0.00607308,0.06627844,0.4734618
2.8452394,0.0,0.81367856,5.2452316,1.5575414,0.10292137,0.19947618,12.121754
2.300114,0.0,-0.03381578,4.193938,2.4269547,-0.0077738166,0.083583385,2.8581674
3.1971838,0.0,0.19015402,-0.51437134,3.0581403,0.0065035895,0.05761081,0.5495109
3.0407548,0.0,-0.0031895626,-0.14836204,2.9687529,0.011440359,0.052058145,0.280224
2.9670484,0.0,-0.1573531,1.5911229,2.4046752,0.015078463,0.07238135,1.3779427
2.832441,0.0,0.09650668,-5.481155,1.4855874,0.010120742,0.12921141,-5.352821
3.0331352,0.0,-0.42866474,-2.067311,2.7717633,0.0094363615,0.14536978,-2.8434403
2.7371278,0.0,0.08259517,8.104483,1.7903128,0.032856055,0.20181403,8.34381
3.1638522,0.0,-0.06755966,0.5183688,2.6261492,0.005182959,0.065479964,-0.04522147
2.6632125,0.0,0.30304393,-1.7640797,2.5829682,0.017302595,0.06831716,1.7089761
2.693176,0.0,0.11364477,0.069507994,2.8015814,0.025844745,0.07782874,2.557323
3.2064369,0.0,0.04937838,-0.9915982,2.7220352,0.022032283,0.07258509,-1.1380097
2.8443801,0.0,-0.31727377,0.5219004,2.9261012,0.0030924007,0.060048923,-0.26705274
1.7124681,0.0,-0.10192373,2.7788863,2.663035,0.00041743368,0.08712602,0.16013184
3.0892904,0.0,-0.28967765,-5.724808,2.6793144,-0.0020445064,0.07266922,-0.78057414
1.2240254,0.0,0.32314166,-13.354065,1.6578023,-0.029226579,0.13253257,-15.361202
1.0,0.0,-0.902157,50.915077,1.3071891,0.019672893,0.047128737,43.541138
1.6951499,0.0,-0.081663206,-20.476637,0.7264695,0.027141891,0.10351369,-31.656315
1.0000072,0.0,-0.23899844,34.19915,0.8421171,-0.022502936,0.047707766,26.20387
3.2619383,0.0,0.37199795,-0.67501163,2.7364964,0.0049170777,0.06233266,-0.61704415
1.0838677,0.0,-0.30912966,44.95245,1.0784682,-0.031932272,0.031279057,42.793877
1.002682,0.0,-0.06162225,64.90484,1.2587717,-0.07695047,0.019106537,57.649918
2.7525306,0.0,0.014047952,1.5147525,2.7587419,0.006023027,0.075124055,-0.7714344
1.0201188,0.0,-0.5817416,3.9053893,0.70131123,0.022825323,0.12101075,-41.880928
3.0945086,0.0,0.35144752,-5.2534966,2.8927808,0.004525326,0.14771026,-3.3207438
3.0389595,0.0,-0.24837388,-2.612351,2.9414442,0.0007693842,0.0680658,-0.7521651
1.0000029,0.0,-0.51313126,-59.963165,0.8506857,0.024669014,0.14154264,-59.306637
2.5744307,0.0,-0.08948938,49.750366,1.2853087,-0.025522448,0.026426852,47.168243
2.9356363,0.0,-0.32440218,3.0475717,2.556017,0.016350217,0.06897503,1.942787
2.2058544,0.0,-0.35506594,4.4502435,2.9249835,-0.029882722,0.07100338,4.6182437
3.015272,0.0,0.0098525,-0.04811206,2.9280663,-0.004789807,0.065922365,-0.5956303
3.2250626,0.0,-0.08665602,-2.12142,3.0211747,-0.0018594489,0.07851385,-0.40892312
3.3222404,0.0,0.23120588,-0.031432293,2.9788465,0.0050946847,0.057558447,-0.41696045
1.0022242,0.0,-0.13201018,-22.114922,1.0941088,0.01830598,0.09564814,-28.609758
1.8054745,0.0,0.076550156,-14.393222,0.9869475,0.006287895,0.10303518,-24.573387
1.0088363,0.0,-0.15516372,49.87779,1.0939546,-0.019236185,0.03875646,41.670837
1.1543548,0.0,0.15847133,14.828884,1.0595691,0.08158662,0.0897294,16.298916
3.0265057,0.0,0.09339526,-3.1278627,3.083578,-0.009194918,0.06585872,-0.74516195
3.2404208,0.0,0.004447311,-0.12534988,2.8623521,0.013236873,0.0660362,-1.1162671
3.228343,0.0,0.35190096,0.11185657,3.0071836,-0.001741223,0.06149058,-0.61679834
1.000097,0.0,-0.39629945,-58.7275,0.8493521,0.042176567,0.12400171,-51.260345
1.1168573,0.0,0.13631962,-16.49801,1.3013065,-0.00031916052,0.12113431,-12.281186
3.0019767,0.0,-0.0068309545,-5.9666142,2.3660517,0.015476219,0.15389371,-4.7321267
3.010476,0.0,-0.1567635,-0.57647,2.7004585,0.014394082,0.10982438,-1.7622375
3.0989358,0.0,0.5587863,1.758833,3.2477927,0.009607278,0.047157064,1.8433666
2.4658256,0.0,0.3189951,-4.42567,2.1968477,0.0211839,0.12848881,-1.8941339
1.0030512,0.0,0.46739838,60.5675,1.2655156,-0.046118237,0.029071182,52.195488
2.3477695,0.0,-0.4408046,-12.765412,1.279932,0.028995238,0.113826394,-8.70098
3.0386024,0.0,-0.0034046653,-0.02726864,2.7402465,0.0106531605,0.054993264,-0.2082659
3.0907035,0.0,-0.21447663,1.1769289,2.6520967,0.0060718656,0.06935265,0.102680065
2.8946002,0.0,-0.07916504,1.5049238,3.109035,0.016523182,0.04265786,1.447173
3.007359,0.0,0.0018831211,-1.8533622,2.5055673,0.007915199,0.16719648,-5.853616
2.7638319,0.0,-0.5527034,-3.3217587,2.8688126,0.0034983382,0.06095153,-0.5333905
2.612144,0.0,0.026811041,-45.358345,1.0175822,0.021818124,0.09024283,-17.853014
2.8228543,0.0,0.45181683,-11.529715,1.310735,0.006991945,0.11736682,-10.208375
